name,screen_name
ğŸ’Ÿ,MAF1X6HoHuN9PEi
ë¨¸ì•¼,tldnals000
ë‹·ì§€,chokomn12
ğŸ¶,duhhitdf9
ì«€ë“,leemartin003
ëª¨ë¼ê³ ë¼,akfkxkdtlfj
namiki,namiki76148430
.,sexxxxx8282
ì˜ˆìœì§€ì—°ì´â¤ï¸,bjys211
ì–Œì–Œì´,Mcmkeesk
pnkkquim,rhythmtata
í•­ê°€,reason1732
mary,dudaonmm
SOPBIY,qn4HZsMbyflr43P
2ã…”ë…€,nZwYK7nNLNUR3ox
17,sapDHmrp31tQyS7
ë³€ë…€ì¤Œ,sbskebeidsbaua
ì¤€ğŸ°,bpDp81
â¤ï¸,itsuanin
ë¹„ë‚˜,Vina_05_
Få¤ªéƒ@ã‚¨ãƒ­ç›¸äº’ãƒ•ã‚©ãƒ­ãƒ¼,ftarou08
ãƒãƒªã‚´ãƒ³ã¾ã•ã—,Porigon_Masashi
éº»è¡£ğŸ»,Bel9Qs
ã¾ã¨ã‚Tok,tiktok_mtm
ã€PCMAXã€‘åˆå¿ƒè€…ã§ã‚‚ãƒ¤ã‚Œã‚‹å‡ºä¼šã„ç³»æ”»ç•¥,deaihimote
ã¡ã‚ã‚‹ğŸ¦‹,MU8j6
ã‚ãŠã°,WarrickRojas
èŠ½è¡£,2LA2IiEnEaMVCsX
ã‚ã,aki62952870
ãã‚‹ã¿,ralf28356292
ğŸ’Ÿã‚Šã‚Šã‹,leronquette
è‰ç¾…,ujk2eD4HHNZvuIo
ãƒ‘ã‚³ãƒ‘ãƒƒã‚³çŒ¿ãã‚ŠãŠ,adultmeett
ã¯ã‚‹ãª,I1dNd5f4EdcIpYn
æ¯æ—¥ã®ãŠã‹ãš,nukinuki_okazu
è£å¢æ—¥è¨˜ã­ã­,gfsssa4
ã¿ãƒâ™ªâ™ª,meWipOPJ4azOjVx
ãƒ—ãƒå¤ªéƒ,putitaro5
ä¹…ç¾,myHvjxuVpEhHo21
mimimimimi,mimimim10257276
ğŸŒŠì˜›ì§€ğŸŒŠ,yazzi0131
à¸”à¸£à¸”à¸£,qwertyuiop1416
ê¹€ì„œí˜„,GfDlYS3BmoA8JUX
.,ctgdko979
ì¬ë¯¸ë‚˜ê²Œ ì‚´ì,luxury_jazi
Yaëª¨ì„,free1148
bryan cruz,bryancruz21
ì‹¬ì‹œë©”ì”¨,jm114119
SEX_BAR,SEX_BAR
ì•”ìºì§€ë¯¼,sexpain3506
j,jlee1100
ì•”ìº15ì„¸ë‹¤ë¹ˆâ™¥,960280
ì•ˆë…•,y2nb
ã…‚ã……ã…‡,ppp123321
ì‘¤â™¥,crystal0332
ë™ê±°ë…€ ë³´ì§€ë¦¼,bozilim86
ì„¸ì»¨ S,geegi3
â™¥,Love_1149
ì˜ì•„,phj147098
ì§„ì•„,mcKEkUH4N1pmenk
ì°¨ê°€ìš´ëˆˆëœ¨ê±°ìš´ì†,kingdomsadi
CDì±„ì€,DaeguOral
ë„¹,Xmbjjv2hXtMHtQi
diib0625,diib0625
ê¹€ì˜¹,jkl323333
ì´ë¦„ì€ë¹„ì›Œë‘˜ìˆ˜ì—†ìŠµë‹ˆë‹¤,pzmWKJGUbFYLTvH
ê°œêµ´ê°œêµ´ì´,w1gHsfzoXg1QZ0g
ğŸ˜†,1919XX19
ë‚˜ì´í”„.,Muscleincrease6
ê°€ì˜¤ë¦¬êµ°,rBi3Q6Mu9DiMj4c
í˜œì§€,lovely_hyeji_00
CDëš±ì´,PB8ws2ZzRZQXQX3
ğŸ¶,u9_zo
nevermindme,nevermi81083566
ì“°ì•µí¬,JlZC2o7LTB96xft
ã…£ã…£ã…£,eGFNthjo3UQH2qZ
ljt,ljt789
ê¹€ìŠ¹,tmdgustmdrb
ë¥´ì¹´ë ˆ,AOm1vjt445q2XBg
history,history09076722
ì´ˆì½”ë°”ë‚˜ë‚˜,ChocoBanana1818
ê°œì§€ë²”,robot151515
ğŸŒŠì˜›ì§€ğŸŒŠ,yazzi0131
ã‚,xfuJdeat8Hr9Z4m
ë¦¬ë…¸ì´ë“œ,eaGxJ6HFMQGo7Tv
Kunsoon,Kunsoon4
ğŸŒ,qorhvk115
ì†Œì´(ë™ê²°ì¤‘..),Tsoiloove
un,unimon_b
Ellen,Ellen_97
å¤§é›•å“¥,7pBG1zR7540KnZ2
ğŸ”¥,db1451130
ê¹€ìŠ¬ë¦¼,kFOxil8PXUaac5R
ì´í•˜ë‚˜,fsddddddw23
í”„ë¡œë³€íƒœêµ¬ë…ëŸ¬,subscribe_to_
ê’° vanteâ€™s tenshi ! â™¡ ğŸ§º,taeagii
ì˜¤ì‰,lastday_party
ê¹€ì •í›ˆ,EdkURgDwTR6p1gc
ã…‡ã…‡,LilDbrtt
ğŸ‘…,Black_girl0301
ğŸ§šâ€â™€ï¸â¤ï¸ğŸ†,youn2_
ğŸ¾ë¸”ë™í€¸,Black_Queen0301
ğ’ğ’‚ğ’—ğ’šğ’ˆğ’“ğ’†ğ’šğ’ğ’‚ğ’„ğ’’ğ’–ğ’†ğ’“,navygreylaquer
ğ“¶ğ“ªğ“·ğ“²ğ“ªğ“¬ .,maniac_912x2
ğ“¨ğ“®ğ“¸ğ“·ğ“°â¤,sexyyeong_
ëˆˆê½ƒ,snowflower141
Nora,Nora24557149
Antoinette,Antoine71872831
ã…‡ã…ã…‡ã„¹,LIpfFgLTTG1U05x
ã…‡ã…‡,84c900aa05d04ab
ì§„,nCHiy0Iv4DSY4yF
ì™¸,zGBQb5xaWbOufMK
âœ¨lillyleeâœ¨ ONLYFANS ONLY $4.50,lillyleeOF
ì˜ˆì‚,yeppii21
Castiel,Siulls22
.,_dreta
í˜¸ì¤€,XKgM0NQWMGJtJhd
â˜…,mJdJnoTKFnNPebW
Cool prince,leonis7071
21ë‚¨,08wIlKhkjqpcoOx
ì§ˆë¼ê°“,zzziako
ğŸŒ™,m5_int
Jake,Jakenim0123
ì¿ ë§ˆì•„,kkkuuuuuma
ë™êµ¬ë€ê°•ì•„ì§€,ehd_gus6460
ê¹€ì˜ì§„,B_BANDA__
ë©”íƒ€ëª½,TjCG7A8wOrnF86I
ğŸ“,K_Beyond_
ì‚°ì†,wkwlzld74
skyblue22,twSkyblue22
ë¬´í•˜ë¼,Myin010
ğŸ‘£,JRNGGG
.,2bTBMnHwLJOelg1
ì²¨í•´ë³´ëŠ”íŠ¸ìœ„í„°,L5HhTkoMFpCH88w
ë©œsìœ„ì¹˜,jn6989
ë‚¨ì,UOeorXvhxygBr2X
byí•œ,r2i5ewNbJhjr8Ld
ã…‹ã…‹ã…‹,szd0tNwGaCpXvZw
ã¨ã“ãª,mameji3131
Gwarina,RfnNBei17YCEh3j
ë³„ì£¼ë¶€,83tMUGO9FY5sVVV
asdjklfjasl,asdjklfjasl
ì§„ì‹œí˜„,8nxx4SivpHumEpM
ë¦¬ì•„,ul5_k
í ,uozIsYLJzX7yInR
ë¹„ëˆ„,ycptOSQbCaK1wtY
ì¼íƒˆìš©,6bJHIeKLd1XoI8i
ì œì„ìŠ¤,m6k2RB0fUhNqBO5
Shugg_y,DalDal043
swtyh,swtyh2
ì¡°ìš©ë¯¼,seohoo40
ë°•ì¬ê´€,qkrs1274
ì¤‘êµ­ì‹ ë£°ë ›,dgL1M84IA7NXmKs
í˜„ìš°,hyunwoo087
ëª¨ì‹œëª¨ì‹œ,plm1244
james lee,h_st7d
ìš°ë””,AjtmGmmRF1
ğŸŒªMavis Chase,MavisChase20
,AsS4jgFGJSPDeqL
ë‡½ì•ˆ,algosipjiana
ğ–”ğ–‘ğ–ğ–›ğ–Šğ–—,o_liverevil_o_2
ì¢†ë‘íŒ”,keshi_summer
ğŸ€,_clove_r
é‡æœ›,pray_for_kobe
ì‹œì˜¤,all_love_u_
ğŸŒ°,bamtori02_09
ğ‘²ğ’Šğ’ ğ’„ğ’‰ğ’‚ğ’“ğ’ğ’Šğ’ğ’ˆ,charmingkiim2
d_.__.b,d__bd___b
ê¹€ê°œêµ´ğŸ¸,Gae9ulii
backinthe2w,backinthe2w
ê¹€ë°”ë³´,fl11ly
kak@shi,kakashi_321
ğŸ¤,E4s8M
ì˜¤ì§,zr_mtn
ì´ í˜„,ereiciaa
xxx,idid_xxx
í•´ì›€,roze_vio
è–äºº,ssshr02
ì¹´ í”„ ì¹´,T672zkKJwLU6ZdN
ì„¹ìŠ¤í€µ,Jexking04
ì—ë² ë¶€ë¶¸ë²©,DE5wW3O9cE13HeC
ì˜¤ì¸„ìš”,xCl8IEDyFv2tOVF
íšŒì´ˆë¦¬,URSrHUfbY1MtAwZ
ssibaltwitjotgga,ssibaltwitjotg1
ë¯¸ëŒ€ìƒ ë©œë”,MDSHAUN96508109
ê°•í•˜ë‚˜,oZQh2SqBV9QcgWP
ì†Œê²½ë•,BFUWxs7AMxirZ1F
strip_t,t_strip
ëŒë²¼!!!,6c3hJoC3aB65qGy
ì„ê·œì›,RfOUOoAdnd0HpdL
SM,SM58228697
Susubsubb,susubsubb
star,star_doh
ã…‡ã……ã…‡,skc_g
êµ¬ë¢”ë°°,dbsxowp77
zxx,zxx02164116
zanananz110,zanananz110
ê¹€ì§„í˜¸,mscJjzdQxTZm1tn
ë¸Œ,udPcgap94hrnZoX
ğŸ‘,each__0403
ğ•ğ”¸ğ•„ğ•†â„•ğ”¾ë¶€ê³„,Aileen_Amoris2
ì´ë¦„ì—†ìŒ,do_you__like_me
ìµœë§ì,maljada18roma
ê¹€ ìœ ë””,youDi_SS
ë§ˆë•ì¶˜,dukchun__
ä½ çš„ä¸€åˆ‡,cocorongg
ì²´ë¦¬,b_ouxv_
ì¶˜ì,chunja_is_kitty
ê¹€ì•„í¬,canil04
ì„œë¦,IXzwkf4hxwDo6VA
ì•ˆë…•,ykffka1_OuO
ì„¸ìƒ,_1st_world
à¸…^._.^à¸…,_Aki_0000
ë´„,plz_fuxx_me_
ë”±ë¹ ì˜ ë¹»ê³„,vmhvOfDzxL4JhJd
í ì¹«,ejsnsksos
ì´ˆë ¨,p1z_10VEME
ì•„ë‹ˆìœ ,Alan47322
ì™œ,lovedutruly
ë¹„ëª¨,seong__98
ë‚´ê°€ì§±ì´ì•¼,_1_back
R,R62407898
ğŸ‘,each__0403
ğŸ•,lLOVEP1ZZA
ê¹€ì§€ì˜,hv8nAaw9TAko7MA
ê¹€í•˜ì€,KZTtJJS1rHzecSL
ëˆˆëµ,v3HclP83yFszvQg
vel,zzccxn
ê°€ì˜¨,H9a4ZFnrRybGhYc
yumm,yumm_yam
ê¹€ ë³„,me_star_s
ë£¨ì•„,VdiRJc5Ev6ckMzR
ì½©ì½©,45NOviyP937IwXC
ë°•ì¬í˜•,f2wgqmlbO00oH17
ì²œì•ˆì˜¤,chkilloh
ê²½ë‚¨ëš±ë…€ì„±ì• ì33,oP9rlRMV1mqKGqm
ddlsl,ddlsl3
will,wila102
ê¹€ê¹€ê¹€,5DubMSSpAbR1Qwi
z,moon_oomoon
ëª©í˜¼ì£¼123,1CgatFid1HGVabx
ã…ã…‡,RgQOgsJUOhNSgzj
Fade,Mraz1948
wh8,wh854437395
ëŠ˜êµ¬,BjAveZJqGrqknrK
ğŸ£,bmbmbmbmbmbm062
ë”ë”ë”,thethethecokr
ëŒ,MOL65LCuqx8RV16
Nedval,Nedval3
ì¹œí•´ì§€ê³  ì‹¶ì–´,Y09999767
ê·¸ëƒ¥ë¯¸ë‚¨,JSUYZLAUXpqNgxd
ì•„ë‚˜ì•„,3oMxSG7Qjxi8gKH
ëª½ë­‰ì´ã…,chosh2294
Hkhkm,mkm7175
ê´‘ì£¼ ì»¤í”Œ ë¶€ë¶€,mantooboy111
ê°•ë¯¼ìš°,kmo020508
ê¹€ì¤€ìˆ˜,xun2wo2qIod0Jae
ê¹€ë„í–”,gumgaek11
ğŸ¤,studiobyme
nineteenday,nineteenday1
ê°ìƒìš©,Dz7r70tTvdIiMHK
ì†”í”Œë‚¨,Life_is_timing_
ì„ì¬í›ˆ,7b8pZzq0G5MLALj
ê¹€ë•í˜„,sjh9465
ì¹´ìŠ¤ì…˜,kasshenneto
Youu,Youu57383613
shimgunwook,shimgunwook4
mooze,mooze97843644
ê¼¬ë¶ì˜¤í”„,j2rrPY0IJdmuMvT
Fkf,Fkf32028791
ëš±ì´,fcduss
ğŸ¶,fiJoxo1FWqKsFAF
ì •ì§€ë¯¼,5zIQkdygyJ36r8N
ë¶€ì²œëš±í†µ,X78721409
1999,jz76PHZ33SUOa0u
30/174/64 A,shtn190
