#자영판매 hashtag on Twitter,https://twitter.com/hashtag/%EC%9E%90%EC%98%81%ED%8C%90%EB%A7%A4
사진/자영판매 수아 (@0XztG5EMqZ9vdfA) | Twitter,https://twitter.com/0xztg5emqz9vdfa
"입던속옷,자영판매 단비   (@IiillIIdb486iIl) | Twitter",https://twitter.com/iiilliidb486iil
#제작자영 hashtag on Twitter,https://twitter.com/hashtag/%EC%A0%9C%EC%9E%91%EC%9E%90%EC%98%81
#자영판매   tagged Tweets and Downloader | Twaku,https://www.twaku.com/tag/%EC%9E%90%EC%98%81%ED%8C%90%EB%A7%A4%E2%97%8B
#자영판매 tagged Tweets and Downloader | Twaku,https://www.twaku.com/tag/%EC%9E%90%EC%98%81%ED%8C%90%EB%A7%A4
자영판매 검스 스타킹 자위영상 자영 Quotes (1 quote),https://www.goodreads.com/quotes/tag/%EC%9E%90%EC%98%81%ED%8C%90%EB%A7%A4-%EA%B2%80%EC%8A%A4-%EC%8A%A4%ED%83%80%ED%82%B9-%EC%9E%90%EC%9C%84%EC%98%81%EC%83%81-%EC%9E%90%EC%98%81
자영판매 - YouTube,https://www.youtube.com/watch?v=OHEtkM-VBBE
자영판매 - YouTube,https://www.youtube.com/watch?v=PPfPtnoFrAE
Twitter search & analytics for #자영판매 | Social Bearing,https://socialbearing.com/search/general/%23%EC%9E%90%EC%98%81%ED%8C%90%EB%A7%A4
