A,created_at,id,id_str,text,source,truncated,in_reply_to_status_id,in_reply_to_status_id_str,in_reply_to_user_id,in_reply_to_user_id_str,in_reply_to_screen_name,user,geo,coordinates,place,contributors,is_quote_status,quote_count,reply_count,retweet_count,favorite_count,entities,favorited,retweeted,filter_level,lang,timestamp_ms,retweeted_status,extended_entities,possibly_sensitive,display_text_range,quoted_status_id,quoted_status_id_str,quoted_status,quoted_status_permalink,extended_tweet
True,2020-08-25 16:52:19,1298166299697139714,1298166299697139712,"RT @DPy2iBHNTMn5oGy: ì˜¤í”„ë…€4íƒ„-12
ì´ì–´ì„œ ë´‰ì‚¬ì‹œí‚¨í›„ì— ì§€ëª©êµ¬ë©ì— ì‘¤ì…¨ë˜ ë°œë¡œ ì˜¤í”„ë…€ ë³´ì§€ì— ë°œê°€ë½ìœ¼ë¡œ ì• ë¬´í•´ì£¼ê¸° ã…ã… ê²°êµ­ ì§€ì¹¨ìœ¼ë¡œ ì§€ë³´ì§€ ì• ë¬´í•˜ëŠ”ê¼´ ã…‹ã…‹ì¬ë¯¸ìˆê²Œë³´ì„¸ìš”^^

ì˜¤í”„ë§Œë‚¨ë¬¸ì˜ğŸ‘‡
https://t.co/ERQ94XS1AQâ€¦","<a href=""http://twitter.com/download/android"" rel=""nofollow"">Twitter for Android</a>",False,,,,,,"{'id': 1227547668076851200, 'id_str': '1227547668076851200', 'name': 'ë„ˆì–˜', 'screen_name': 'ilWxgQ1R7Lvcd14', 'location': None, 'url': None, 'description': 'ì¸ì²œ 173 65 39\nì„­ì„±í–¥ ã…‡ã„¹í•´ë“œë ¤ìš”', 'translator_type': 'none', 'protected': False, 'verified': False, 'followers_count': 10, 'friends_count': 0, 'listed_count': 0, 'favourites_count': 0, 'statuses_count': 158, 'created_at': 'Wed Feb 12 10:59:24 +0000 2020', 'utc_offset': None, 'time_zone': None, 'geo_enabled': False, 'lang': None, 'contributors_enabled': False, 'is_translator': False, 'profile_background_color': 'F5F8FA', 'profile_background_image_url': '', 'profile_background_image_url_https': '', 'profile_background_tile': False, 'profile_link_color': '1DA1F2', 'profile_sidebar_border_color': 'C0DEED', 'profile_sidebar_fill_color': 'DDEEF6', 'profile_text_color': '333333', 'profile_use_background_image': True, 'profile_image_url': 'http://pbs.twimg.com/profile_images/1228291118640447490/v3h4SzMB_normal.jpg', 'profile_image_url_https': 'https://pbs.twimg.com/profile_images/1228291118640447490/v3h4SzMB_normal.jpg', 'profile_banner_url': 'https://pbs.twimg.com/profile_banners/1227547668076851200/1581682398', 'default_profile': True, 'default_profile_image': False, 'following': None, 'follow_request_sent': None, 'notifications': None}",,,,,False,0,0,0,0,"{'hashtags': [], 'urls': [{'url': 'https://t.co/ERQ94XS1AQ', 'expanded_url': 'https://open.kakao.com/o/swYlHRqc', 'display_url': 'open.kakao.com/o/swYlHRqc', 'indices': [116, 139]}], 'user_mentions': [{'screen_name': 'DPy2iBHNTMn5oGy', 'name': 'Sm-ë””ê·¸ë ˆì´ë”ë©œë”(ë³¸ì¸ë‚¨ì)', 'id': 1285115102744596480, 'id_str': '1285115102744596480', 'indices': [3, 19]}], 'symbols': []}",False,False,low,ko,2020-08-25 07:52:19.268,"{'created_at': 'Wed Aug 19 13:04:47 +0000 2020', 'id': 1296070607130382341, 'id_str': '1296070607130382341', 'text': 'ì˜¤í”„ë…€4íƒ„-12\nì´ì–´ì„œ ë´‰ì‚¬ì‹œí‚¨í›„ì— ì§€ëª©êµ¬ë©ì— ì‘¤ì…¨ë˜ ë°œë¡œ ì˜¤í”„ë…€ ë³´ì§€ì— ë°œê°€ë½ìœ¼ë¡œ ì• ë¬´í•´ì£¼ê¸° ã…ã… ê²°êµ­ ì§€ì¹¨ìœ¼ë¡œ ì§€ë³´ì§€ ì• ë¬´í•˜ëŠ”ê¼´ ã…‹ã…‹ì¬ë¯¸ìˆê²Œë³´ì„¸ìš”^^\n\nì˜¤í”„ë§Œë‚¨ë¬¸ì˜ğŸ‘‡â€¦ https://t.co/9jhYToiXG1', 'display_text_range': [0, 140], 'source': '<a href=""http://twitter.com/download/android"" rel=""nofollow"">Twitter for Android</a>', 'truncated': True, 'in_reply_to_status_id': None, 'in_reply_to_status_id_str': None, 'in_reply_to_user_id': None, 'in_reply_to_user_id_str': None, 'in_reply_to_screen_name': None, 'user': {'id': 1285115102744596480, 'id_str': '1285115102744596480', 'name': 'Sm-ë””ê·¸ë ˆì´ë”ë©œë”(ë³¸ì¸ë‚¨ì)', 'screen_name': 'DPy2iBHNTMn5oGy', 'location': None, 'url': None, 'description': 'â—ë””ê·¸ë ˆì´ë”+ë©œë”ì„±í–¥+ë§ˆìŠ¤í„°ì„±í–¥\nâ—sm7ë…„ì°¨í™œë™ì¤‘ì…ë‹ˆë‹¤/2nì‚´\ní˜„ì¬ ë„¤ì´ë²„ê¹Œí˜ì—ì„œë„ í™œë™ì¤‘ì…ë‹ˆë‹¤ \nâ—íŒ¸ì„­,ë§ˆì¡°,í‚¤,ìƒí™œê´€ë¦¬ë“± êµ¬ì¸ì¤‘ì…ë‹ˆë‹¤ \nâ—ì˜¤í”„ë§Œë‚¨ëŠ” DM or ì˜¤ì¹´\nhttps://open.kakao.com/o/swYlHRqc\nâ—ê²½ê¸°ë„ ë¶€ì²œê±°ì£¼ ì…ë‹ˆë‹¤!\nâ˜†ë©”ì¸íŠ¸ìœ— í•„ë…ë¶€íƒë“œë ¤ìš”^^â˜†', 'translator_type': 'none', 'protected': False, 'verified': False, 'followers_count': 2147, 'friends_count': 103, 'listed_count': 2, 'favourites_count': 126, 'statuses_count': 179, 'created_at': 'Mon Jul 20 07:31:38 +0000 2020', 'utc_offset': None, 'time_zone': None, 'geo_enabled': False, 'lang': None, 'contributors_enabled': False, 'is_translator': False, 'profile_background_color': 'F5F8FA', 'profile_background_image_url': '', 'profile_background_image_url_https': '', 'profile_background_tile': False, 'profile_link_color': '1DA1F2', 'profile_sidebar_border_color': 'C0DEED', 'profile_sidebar_fill_color': 'DDEEF6', 'profile_text_color': '333333', 'profile_use_background_image': True, 'profile_image_url': 'http://pbs.twimg.com/profile_images/1285962812049637377/5R81AcYm_normal.jpg', 'profile_image_url_https': 'https://pbs.twimg.com/profile_images/1285962812049637377/5R81AcYm_normal.jpg', 'profile_banner_url': 'https://pbs.twimg.com/profile_banners/1285115102744596480/1595493490', 'default_profile': True, 'default_profile_image': False, 'following': None, 'follow_request_sent': None, 'notifications': None}, 'geo': None, 'coordinates': None, 'place': None, 'contributors': None, 'is_quote_status': False, 'extended_tweet': {'full_text': 'ì˜¤í”„ë…€4íƒ„-12\nì´ì–´ì„œ ë´‰ì‚¬ì‹œí‚¨í›„ì— ì§€ëª©êµ¬ë©ì— ì‘¤ì…¨ë˜ ë°œë¡œ ì˜¤í”„ë…€ ë³´ì§€ì— ë°œê°€ë½ìœ¼ë¡œ ì• ë¬´í•´ì£¼ê¸° ã…ã… ê²°êµ­ ì§€ì¹¨ìœ¼ë¡œ ì§€ë³´ì§€ ì• ë¬´í•˜ëŠ”ê¼´ ã…‹ã…‹ì¬ë¯¸ìˆê²Œë³´ì„¸ìš”^^\n\nì˜¤í”„ë§Œë‚¨ë¬¸ì˜ğŸ‘‡\nhttps://t.co/ERQ94XS1AQ\n\n#ë³€ë…€ #ì˜¤í”„ #ë©œë” #íŒ¸ì„­ #ë”¥ì“°ë¡¯ #ëª©êµ¬ë© #ë¶„ìˆ˜ #ë””ê·¸ë ˆì´ë” #ë…¸ì˜ˆë…€ #ë°œê°€ë½ #ì„¹íŠ¸ #ì…ë³´ì§€ https://t.co/M6avEoNGme', 'display_text_range': [0, 175], 'entities': {'hashtags': [{'text': 'ë³€ë…€', 'indices': [120, 123]}, {'text': 'ì˜¤í”„', 'indices': [124, 127]}, {'text': 'ë©œë”', 'indices': [128, 131]}, {'text': 'íŒ¸ì„­', 'indices': [132, 135]}, {'text': 'ë”¥ì“°ë¡¯', 'indices': [136, 140]}, {'text': 'ëª©êµ¬ë©', 'indices': [141, 145]}, {'text': 'ë¶„ìˆ˜', 'indices': [146, 149]}, {'text': 'ë””ê·¸ë ˆì´ë”', 'indices': [150, 156]}, {'text': 'ë…¸ì˜ˆë…€', 'indices': [157, 161]}, {'text': 'ë°œê°€ë½', 'indices': [162, 166]}, {'text': 'ì„¹íŠ¸', 'indices': [167, 170]}, {'text': 'ì…ë³´ì§€', 'indices': [171, 175]}], 'urls': [{'url': 'https://t.co/ERQ94XS1AQ', 'expanded_url': 'https://open.kakao.com/o/swYlHRqc', 'display_url': 'open.kakao.com/o/swYlHRqc', 'indices': [95, 118]}], 'user_mentions': [], 'symbols': [], 'media': [{'id': 1296070166975926274, 'id_str': '1296070166975926274', 'indices': [176, 199], 'additional_media_info': {'monetizable': False}, 'media_url': 'http://pbs.twimg.com/ext_tw_video_thumb/1296070166975926274/pu/img/h8ETLs0FmqBfdZhU.jpg', 'media_url_https': 'https://pbs.twimg.com/ext_tw_video_thumb/1296070166975926274/pu/img/h8ETLs0FmqBfdZhU.jpg', 'url': 'https://t.co/M6avEoNGme', 'display_url': 'pic.twitter.com/M6avEoNGme', 'expanded_url': 'https://twitter.com/DPy2iBHNTMn5oGy/status/1296070607130382341/video/1', 'type': 'video', 'video_info': {'aspect_ratio': [16, 9], 'duration_millis': 85734, 'variants': [{'bitrate': 832000, 'content_type': 'video/mp4', 'url': 'https://video.twimg.com/ext_tw_video/1296070166975926274/pu/vid/640x360/EvkChnQEpQgRifPV.mp4?tag=10'}, {'content_type': 'application/x-mpegURL', 'url': 'https://video.twimg.com/ext_tw_video/1296070166975926274/pu/pl/hYthyI1K5jOwJ3ge.m3u8?tag=10'}, {'bitrate': 256000, 'content_type': 'video/mp4', 'url': 'https://video.twimg.com/ext_tw_video/1296070166975926274/pu/vid/480x270/jRJ8zFMqRMai1Mr7.mp4?tag=10'}, {'bitrate': 2176000, 'content_type': 'video/mp4', 'url': 'https://video.twimg.com/ext_tw_video/1296070166975926274/pu/vid/1280x720/npb8so_WxmkNjihI.mp4?tag=10'}]}, 'sizes': {'thumb': {'w': 150, 'h': 150, 'resize': 'crop'}, 'medium': {'w': 1200, 'h': 675, 'resize': 'fit'}, 'small': {'w': 680, 'h': 383, 'resize': 'fit'}, 'large': {'w': 1280, 'h': 720, 'resize': 'fit'}}}]}, 'extended_entities': {'media': [{'id': 1296070166975926274, 'id_str': '1296070166975926274', 'indices': [176, 199], 'additional_media_info': {'monetizable': False}, 'media_url': 'http://pbs.twimg.com/ext_tw_video_thumb/1296070166975926274/pu/img/h8ETLs0FmqBfdZhU.jpg', 'media_url_https': 'https://pbs.twimg.com/ext_tw_video_thumb/1296070166975926274/pu/img/h8ETLs0FmqBfdZhU.jpg', 'url': 'https://t.co/M6avEoNGme', 'display_url': 'pic.twitter.com/M6avEoNGme', 'expanded_url': 'https://twitter.com/DPy2iBHNTMn5oGy/status/1296070607130382341/video/1', 'type': 'video', 'video_info': {'aspect_ratio': [16, 9], 'duration_millis': 85734, 'variants': [{'bitrate': 832000, 'content_type': 'video/mp4', 'url': 'https://video.twimg.com/ext_tw_video/1296070166975926274/pu/vid/640x360/EvkChnQEpQgRifPV.mp4?tag=10'}, {'content_type': 'application/x-mpegURL', 'url': 'https://video.twimg.com/ext_tw_video/1296070166975926274/pu/pl/hYthyI1K5jOwJ3ge.m3u8?tag=10'}, {'bitrate': 256000, 'content_type': 'video/mp4', 'url': 'https://video.twimg.com/ext_tw_video/1296070166975926274/pu/vid/480x270/jRJ8zFMqRMai1Mr7.mp4?tag=10'}, {'bitrate': 2176000, 'content_type': 'video/mp4', 'url': 'https://video.twimg.com/ext_tw_video/1296070166975926274/pu/vid/1280x720/npb8so_WxmkNjihI.mp4?tag=10'}]}, 'sizes': {'thumb': {'w': 150, 'h': 150, 'resize': 'crop'}, 'medium': {'w': 1200, 'h': 675, 'resize': 'fit'}, 'small': {'w': 680, 'h': 383, 'resize': 'fit'}, 'large': {'w': 1280, 'h': 720, 'resize': 'fit'}}}]}}, 'quote_count': 0, 'reply_count': 0, 'retweet_count': 3, 'favorite_count': 43, 'entities': {'hashtags': [], 'urls': [{'url': 'https://t.co/9jhYToiXG1', 'expanded_url': 'https://twitter.com/i/web/status/1296070607130382341', 'display_url': 'twitter.com/i/web/status/1â€¦', 'indices': [96, 119]}], 'user_mentions': [], 'symbols': []}, 'favorited': False, 'retweeted': False, 'possibly_sensitive': False, 'filter_level': 'low', 'lang': 'ko'}",,0.0,,,,,,
False,2020-08-25 17:12:41,1298171426692685824,1298171426692685824,"ê°•ì•„ì§€(ğŸšº) êµ¬ì¸í•©ë‹ˆë‹¤
ë””ì—  ë˜ëŠ” ë¼ì¸ se1xx ì—°ë½ ì£¼ì„¸ìš”

#êµ¬ì¸ #ë””ì—£ #ì—ì„¸ë¨¸ #í¨ì„­ #ì•”ìº #ë³€ë…€ #ë©œë” #ì£¼ì¸ #ë³€ë‚¨ #ì˜¨í”Œ #ì˜¤í”„ #ì¼íƒˆ #ì„¹íŠ¸ #ì„¹ìŠ¤","<a href=""http://twitter.com/download/android"" rel=""nofollow"">Twitter for Android</a>",False,,,,,,"{'id': 1297698916599648256, 'id_str': '1297698916599648256', 'name': 'X3', 'screen_name': 'X3_se1xx', 'location': None, 'url': None, 'description': '20ë‚¨ã…£ê°•ì•„ì§€(ğŸšº) êµ¬ì¸í•©ë‹ˆë‹¤', 'translator_type': 'none', 'protected': False, 'verified': False, 'followers_count': 1, 'friends_count': 0, 'listed_count': 0, 'favourites_count': 0, 'statuses_count': 3, 'created_at': 'Mon Aug 24 00:55:14 +0000 2020', 'utc_offset': None, 'time_zone': None, 'geo_enabled': False, 'lang': None, 'contributors_enabled': False, 'is_translator': False, 'profile_background_color': 'F5F8FA', 'profile_background_image_url': '', 'profile_background_image_url_https': '', 'profile_background_tile': False, 'profile_link_color': '1DA1F2', 'profile_sidebar_border_color': 'C0DEED', 'profile_sidebar_fill_color': 'DDEEF6', 'profile_text_color': '333333', 'profile_use_background_image': True, 'profile_image_url': 'http://pbs.twimg.com/profile_images/1297706161425145857/uEr-Gj_S_normal.jpg', 'profile_image_url_https': 'https://pbs.twimg.com/profile_images/1297706161425145857/uEr-Gj_S_normal.jpg', 'default_profile': True, 'default_profile_image': False, 'following': None, 'follow_request_sent': None, 'notifications': None}",,,,,False,0,0,0,0,"{'hashtags': [{'text': 'êµ¬ì¸', 'indices': [36, 39]}, {'text': 'ë””ì—£', 'indices': [40, 43]}, {'text': 'ì—ì„¸ë¨¸', 'indices': [44, 48]}, {'text': 'í¨ì„­', 'indices': [49, 52]}, {'text': 'ì•”ìº', 'indices': [53, 56]}, {'text': 'ë³€ë…€', 'indices': [57, 60]}, {'text': 'ë©œë”', 'indices': [61, 64]}, {'text': 'ì£¼ì¸', 'indices': [65, 68]}, {'text': 'ë³€ë‚¨', 'indices': [69, 72]}, {'text': 'ì˜¨í”Œ', 'indices': [73, 76]}, {'text': 'ì˜¤í”„', 'indices': [77, 80]}, {'text': 'ì¼íƒˆ', 'indices': [81, 84]}, {'text': 'ì„¹íŠ¸', 'indices': [85, 88]}, {'text': 'ì„¹ìŠ¤', 'indices': [89, 92]}], 'urls': [], 'user_mentions': [], 'symbols': []}",False,False,low,ko,2020-08-25 08:12:41.639,,,,,,,,,
True,2020-08-25 17:12:52,1298171473983504384,1298171473983504384,"RT @CjQYv4zMzlTAy4t: ìµœê·¼ì— ê°€ì¥ë§ì´í•˜ëŠ”ê±°..
#ë³€ë…€ #ì•”ìº #ê±¸ë ˆ #ê°€ìŠ´ #ê±°ìœ  #ì – #ë¹¨í†µ #ìŒë€ #ìœ¡ë• #ìœ¡ë³€ê¸° #ì –ì†Œ https://t.co/jS2btfWqcv","<a href=""http://twitter.com/download/iphone"" rel=""nofollow"">Twitter for iPhone</a>",False,,,,,,"{'id': 1238382691898118145, 'id_str': '1238382691898118145', 'name': 'bzt', 'screen_name': 'lKGC9t7YMgqW1yf', 'location': None, 'url': None, 'description': 's!!!', 'translator_type': 'none', 'protected': False, 'verified': False, 'followers_count': 1, 'friends_count': 19, 'listed_count': 0, 'favourites_count': 4, 'statuses_count': 12, 'created_at': 'Fri Mar 13 08:33:47 +0000 2020', 'utc_offset': None, 'time_zone': None, 'geo_enabled': False, 'lang': None, 'contributors_enabled': False, 'is_translator': False, 'profile_background_color': 'F5F8FA', 'profile_background_image_url': '', 'profile_background_image_url_https': '', 'profile_background_tile': False, 'profile_link_color': '1DA1F2', 'profile_sidebar_border_color': 'C0DEED', 'profile_sidebar_fill_color': 'DDEEF6', 'profile_text_color': '333333', 'profile_use_background_image': True, 'profile_image_url': 'http://abs.twimg.com/sticky/default_profile_images/default_profile_normal.png', 'profile_image_url_https': 'https://abs.twimg.com/sticky/default_profile_images/default_profile_normal.png', 'default_profile': True, 'default_profile_image': False, 'following': None, 'follow_request_sent': None, 'notifications': None}",,,,,False,0,0,0,0,"{'hashtags': [{'text': 'ë³€ë…€', 'indices': [35, 38]}, {'text': 'ì•”ìº', 'indices': [39, 42]}, {'text': 'ê±¸ë ˆ', 'indices': [43, 46]}, {'text': 'ê°€ìŠ´', 'indices': [47, 50]}, {'text': 'ê±°ìœ ', 'indices': [51, 54]}, {'text': 'ì –', 'indices': [55, 57]}, {'text': 'ë¹¨í†µ', 'indices': [58, 61]}, {'text': 'ìŒë€', 'indices': [62, 65]}, {'text': 'ìœ¡ë•', 'indices': [66, 69]}, {'text': 'ìœ¡ë³€ê¸°', 'indices': [70, 74]}, {'text': 'ì –ì†Œ', 'indices': [75, 78]}], 'urls': [], 'user_mentions': [{'screen_name': 'CjQYv4zMzlTAy4t', 'name': 'ì•”ì –ì†Œë¯¼ì§€ğŸ’•', 'id': 1284472240721981441, 'id_str': '1284472240721981441', 'indices': [3, 19]}], 'symbols': [], 'media': [{'id': 1297948699075571712, 'id_str': '1297948699075571712', 'indices': [79, 102], 'additional_media_info': {'monetizable': False}, 'media_url': 'http://pbs.twimg.com/ext_tw_video_thumb/1297948699075571712/pu/img/oXLFhN2p_5Gli16y.jpg', 'media_url_https': 'https://pbs.twimg.com/ext_tw_video_thumb/1297948699075571712/pu/img/oXLFhN2p_5Gli16y.jpg', 'url': 'https://t.co/jS2btfWqcv', 'display_url': 'pic.twitter.com/jS2btfWqcv', 'expanded_url': 'https://twitter.com/CjQYv4zMzlTAy4t/status/1297948783590817792/video/1', 'type': 'photo', 'sizes': {'thumb': {'w': 150, 'h': 150, 'resize': 'crop'}, 'small': {'w': 680, 'h': 322, 'resize': 'fit'}, 'medium': {'w': 1200, 'h': 568, 'resize': 'fit'}, 'large': {'w': 1280, 'h': 606, 'resize': 'fit'}}, 'source_status_id': 1297948783590817792, 'source_status_id_str': '1297948783590817792', 'source_user_id': 1284472240721981441, 'source_user_id_str': '1284472240721981441'}]}",False,False,low,ko,2020-08-25 08:12:52.914,"{'created_at': 'Mon Aug 24 17:27:59 +0000 2020', 'id': 1297948783590817792, 'id_str': '1297948783590817792', 'text': 'ìµœê·¼ì— ê°€ì¥ë§ì´í•˜ëŠ”ê±°..\n#ë³€ë…€ #ì•”ìº #ê±¸ë ˆ #ê°€ìŠ´ #ê±°ìœ  #ì – #ë¹¨í†µ #ìŒë€ #ìœ¡ë• #ìœ¡ë³€ê¸° #ì –ì†Œ https://t.co/jS2btfWqcv', 'display_text_range': [0, 57], 'source': '<a href=""http://twitter.com/download/android"" rel=""nofollow"">Twitter for Android</a>', 'truncated': False, 'in_reply_to_status_id': None, 'in_reply_to_status_id_str': None, 'in_reply_to_user_id': None, 'in_reply_to_user_id_str': None, 'in_reply_to_screen_name': None, 'user': {'id': 1284472240721981441, 'id_str': '1284472240721981441', 'name': 'ì•”ì –ì†Œë¯¼ì§€ğŸ’•', 'screen_name': 'CjQYv4zMzlTAy4t', 'location': 'ê²½ê¸°', 'url': None, 'description': 'ë‚˜ì´ëŠ”20ëŒ€ì´ˆë°˜/G CUP/ë””ì— ì˜ëª»ë´ìš”/íŒ”ë¡œìš°í™˜ì˜/ê°œì†Œë¦¬ëŠ”ì°¨ë‹¨', 'translator_type': 'none', 'protected': False, 'verified': False, 'followers_count': 5006, 'friends_count': 0, 'listed_count': 3, 'favourites_count': 22, 'statuses_count': 103, 'created_at': 'Sat Jul 18 12:57:07 +0000 2020', 'utc_offset': None, 'time_zone': None, 'geo_enabled': False, 'lang': None, 'contributors_enabled': False, 'is_translator': False, 'profile_background_color': 'F5F8FA', 'profile_background_image_url': '', 'profile_background_image_url_https': '', 'profile_background_tile': False, 'profile_link_color': '1DA1F2', 'profile_sidebar_border_color': 'C0DEED', 'profile_sidebar_fill_color': 'DDEEF6', 'profile_text_color': '333333', 'profile_use_background_image': True, 'profile_image_url': 'http://pbs.twimg.com/profile_images/1284474546796376064/LMUoimtY_normal.jpg', 'profile_image_url_https': 'https://pbs.twimg.com/profile_images/1284474546796376064/LMUoimtY_normal.jpg', 'default_profile': True, 'default_profile_image': False, 'following': None, 'follow_request_sent': None, 'notifications': None}, 'geo': None, 'coordinates': None, 'place': None, 'contributors': None, 'is_quote_status': False, 'quote_count': 0, 'reply_count': 24, 'retweet_count': 27, 'favorite_count': 228, 'entities': {'hashtags': [{'text': 'ë³€ë…€', 'indices': [14, 17]}, {'text': 'ì•”ìº', 'indices': [18, 21]}, {'text': 'ê±¸ë ˆ', 'indices': [22, 25]}, {'text': 'ê°€ìŠ´', 'indices': [26, 29]}, {'text': 'ê±°ìœ ', 'indices': [30, 33]}, {'text': 'ì –', 'indices': [34, 36]}, {'text': 'ë¹¨í†µ', 'indices': [37, 40]}, {'text': 'ìŒë€', 'indices': [41, 44]}, {'text': 'ìœ¡ë•', 'indices': [45, 48]}, {'text': 'ìœ¡ë³€ê¸°', 'indices': [49, 53]}, {'text': 'ì –ì†Œ', 'indices': [54, 57]}], 'urls': [], 'user_mentions': [], 'symbols': [], 'media': [{'id': 1297948699075571712, 'id_str': '1297948699075571712', 'indices': [58, 81], 'additional_media_info': {'monetizable': False}, 'media_url': 'http://pbs.twimg.com/ext_tw_video_thumb/1297948699075571712/pu/img/oXLFhN2p_5Gli16y.jpg', 'media_url_https': 'https://pbs.twimg.com/ext_tw_video_thumb/1297948699075571712/pu/img/oXLFhN2p_5Gli16y.jpg', 'url': 'https://t.co/jS2btfWqcv', 'display_url': 'pic.twitter.com/jS2btfWqcv', 'expanded_url': 'https://twitter.com/CjQYv4zMzlTAy4t/status/1297948783590817792/video/1', 'type': 'photo', 'sizes': {'thumb': {'w': 150, 'h': 150, 'resize': 'crop'}, 'small': {'w': 680, 'h': 322, 'resize': 'fit'}, 'medium': {'w': 1200, 'h': 568, 'resize': 'fit'}, 'large': {'w': 1280, 'h': 606, 'resize': 'fit'}}}]}, 'extended_entities': {'media': [{'id': 1297948699075571712, 'id_str': '1297948699075571712', 'indices': [58, 81], 'additional_media_info': {'monetizable': False}, 'media_url': 'http://pbs.twimg.com/ext_tw_video_thumb/1297948699075571712/pu/img/oXLFhN2p_5Gli16y.jpg', 'media_url_https': 'https://pbs.twimg.com/ext_tw_video_thumb/1297948699075571712/pu/img/oXLFhN2p_5Gli16y.jpg', 'url': 'https://t.co/jS2btfWqcv', 'display_url': 'pic.twitter.com/jS2btfWqcv', 'expanded_url': 'https://twitter.com/CjQYv4zMzlTAy4t/status/1297948783590817792/video/1', 'type': 'video', 'video_info': {'aspect_ratio': [640, 303], 'duration_millis': 36590, 'variants': [{'bitrate': 2176000, 'content_type': 'video/mp4', 'url': 'https://video.twimg.com/ext_tw_video/1297948699075571712/pu/vid/1280x606/5KFc8hQrdSCgwlEI.mp4?tag=10'}, {'bitrate': 256000, 'content_type': 'video/mp4', 'url': 'https://video.twimg.com/ext_tw_video/1297948699075571712/pu/vid/570x270/rFqeEz4AawAc9rRi.mp4?tag=10'}, {'bitrate': 832000, 'content_type': 'video/mp4', 'url': 'https://video.twimg.com/ext_tw_video/1297948699075571712/pu/vid/760x360/ko5a1pS8C-e0aM4V.mp4?tag=10'}, {'content_type': 'application/x-mpegURL', 'url': 'https://video.twimg.com/ext_tw_video/1297948699075571712/pu/pl/uNLjwkOvUXaz3HSm.m3u8?tag=10'}]}, 'sizes': {'thumb': {'w': 150, 'h': 150, 'resize': 'crop'}, 'small': {'w': 680, 'h': 322, 'resize': 'fit'}, 'medium': {'w': 1200, 'h': 568, 'resize': 'fit'}, 'large': {'w': 1280, 'h': 606, 'resize': 'fit'}}}]}, 'favorited': False, 'retweeted': False, 'possibly_sensitive': False, 'filter_level': 'low', 'lang': 'ko'}","{'media': [{'id': 1297948699075571712, 'id_str': '1297948699075571712', 'indices': [79, 102], 'additional_media_info': {'monetizable': False}, 'media_url': 'http://pbs.twimg.com/ext_tw_video_thumb/1297948699075571712/pu/img/oXLFhN2p_5Gli16y.jpg', 'media_url_https': 'https://pbs.twimg.com/ext_tw_video_thumb/1297948699075571712/pu/img/oXLFhN2p_5Gli16y.jpg', 'url': 'https://t.co/jS2btfWqcv', 'display_url': 'pic.twitter.com/jS2btfWqcv', 'expanded_url': 'https://twitter.com/CjQYv4zMzlTAy4t/status/1297948783590817792/video/1', 'type': 'video', 'video_info': {'aspect_ratio': [640, 303], 'duration_millis': 36590, 'variants': [{'bitrate': 2176000, 'content_type': 'video/mp4', 'url': 'https://video.twimg.com/ext_tw_video/1297948699075571712/pu/vid/1280x606/5KFc8hQrdSCgwlEI.mp4?tag=10'}, {'bitrate': 256000, 'content_type': 'video/mp4', 'url': 'https://video.twimg.com/ext_tw_video/1297948699075571712/pu/vid/570x270/rFqeEz4AawAc9rRi.mp4?tag=10'}, {'bitrate': 832000, 'content_type': 'video/mp4', 'url': 'https://video.twimg.com/ext_tw_video/1297948699075571712/pu/vid/760x360/ko5a1pS8C-e0aM4V.mp4?tag=10'}, {'content_type': 'application/x-mpegURL', 'url': 'https://video.twimg.com/ext_tw_video/1297948699075571712/pu/pl/uNLjwkOvUXaz3HSm.m3u8?tag=10'}]}, 'sizes': {'thumb': {'w': 150, 'h': 150, 'resize': 'crop'}, 'small': {'w': 680, 'h': 322, 'resize': 'fit'}, 'medium': {'w': 1200, 'h': 568, 'resize': 'fit'}, 'large': {'w': 1280, 'h': 606, 'resize': 'fit'}}, 'source_status_id': 1297948783590817792, 'source_status_id_str': '1297948783590817792', 'source_user_id': 1284472240721981441, 'source_user_id_str': '1284472240721981441'}]}",1.0,,,,,,
False,2020-08-25 17:19:00,1298173014178062336,1298173014178062336,"RT @lovely_s06: ë¦¬íŠ¸ìœ—í•˜ì‹œë©´ ì´ê±° ì›ë³¸ ë“œë ¤ìš”ğŸ¶
#ì„¹íŠ¸ #ë³€ë…€ #ë³€ë‚¨ #ì¼íƒˆ https://t.co/BOR4Pfoc1y","<a href=""http://twitter.com/download/android"" rel=""nofollow"">Twitter for Android</a>",False,,,,,,"{'id': 1296468541936345088, 'id_str': '1296468541936345088', 'name': '.', 'screen_name': 'FUa19FBThEbN2d6', 'location': None, 'url': None, 'description': None, 'translator_type': 'none', 'protected': False, 'verified': False, 'followers_count': 0, 'friends_count': 37, 'listed_count': 0, 'favourites_count': 14, 'statuses_count': 4, 'created_at': 'Thu Aug 20 15:26:12 +0000 2020', 'utc_offset': None, 'time_zone': None, 'geo_enabled': False, 'lang': None, 'contributors_enabled': False, 'is_translator': False, 'profile_background_color': 'F5F8FA', 'profile_background_image_url': '', 'profile_background_image_url_https': '', 'profile_background_tile': False, 'profile_link_color': '1DA1F2', 'profile_sidebar_border_color': 'C0DEED', 'profile_sidebar_fill_color': 'DDEEF6', 'profile_text_color': '333333', 'profile_use_background_image': True, 'profile_image_url': 'http://abs.twimg.com/sticky/default_profile_images/default_profile_normal.png', 'profile_image_url_https': 'https://abs.twimg.com/sticky/default_profile_images/default_profile_normal.png', 'default_profile': True, 'default_profile_image': False, 'following': None, 'follow_request_sent': None, 'notifications': None}",,,,,False,0,0,0,0,"{'hashtags': [{'text': 'ì„¹íŠ¸', 'indices': [34, 37]}, {'text': 'ë³€ë…€', 'indices': [38, 41]}, {'text': 'ë³€ë‚¨', 'indices': [42, 45]}, {'text': 'ì¼íƒˆ', 'indices': [46, 49]}], 'urls': [], 'user_mentions': [{'screen_name': 'lovely_s06', 'name': 'ã……ã…', 'id': 1293552258416701440, 'id_str': '1293552258416701440', 'indices': [3, 14]}], 'symbols': [], 'media': [{'id': 1298110342497615872, 'id_str': '1298110342497615872', 'indices': [50, 73], 'media_url': 'http://pbs.twimg.com/media/EgPQepPUwAAe_Ng.jpg', 'media_url_https': 'https://pbs.twimg.com/media/EgPQepPUwAAe_Ng.jpg', 'url': 'https://t.co/BOR4Pfoc1y', 'display_url': 'pic.twitter.com/BOR4Pfoc1y', 'expanded_url': 'https://twitter.com/lovely_s06/status/1298110351020396544/photo/1', 'type': 'photo', 'sizes': {'thumb': {'w': 150, 'h': 150, 'resize': 'crop'}, 'small': {'w': 680, 'h': 491, 'resize': 'fit'}, 'large': {'w': 1024, 'h': 739, 'resize': 'fit'}, 'medium': {'w': 1024, 'h': 739, 'resize': 'fit'}}, 'source_status_id': 1298110351020396544, 'source_status_id_str': '1298110351020396544', 'source_user_id': 1293552258416701440, 'source_user_id_str': '1293552258416701440'}]}",False,False,low,ko,2020-08-25 08:19:00.125,"{'created_at': 'Tue Aug 25 04:10:00 +0000 2020', 'id': 1298110351020396544, 'id_str': '1298110351020396544', 'text': 'ë¦¬íŠ¸ìœ—í•˜ì‹œë©´ ì´ê±° ì›ë³¸ ë“œë ¤ìš”ğŸ¶\n#ì„¹íŠ¸ #ë³€ë…€ #ë³€ë‚¨ #ì¼íƒˆ https://t.co/BOR4Pfoc1y', 'display_text_range': [0, 33], 'source': '<a href=""http://twitter.com/download/iphone"" rel=""nofollow"">Twitter for iPhone</a>', 'truncated': False, 'in_reply_to_status_id': None, 'in_reply_to_status_id_str': None, 'in_reply_to_user_id': None, 'in_reply_to_user_id_str': None, 'in_reply_to_screen_name': None, 'user': {'id': 1293552258416701440, 'id_str': '1293552258416701440', 'name': 'ã……ã…', 'screen_name': 'lovely_s06', 'location': None, 'url': None, 'description': None, 'translator_type': 'none', 'protected': False, 'verified': False, 'followers_count': 256, 'friends_count': 1, 'listed_count': 0, 'favourites_count': 3, 'statuses_count': 43, 'created_at': 'Wed Aug 12 14:17:53 +0000 2020', 'utc_offset': None, 'time_zone': None, 'geo_enabled': False, 'lang': None, 'contributors_enabled': False, 'is_translator': False, 'profile_background_color': 'F5F8FA', 'profile_background_image_url': '', 'profile_background_image_url_https': '', 'profile_background_tile': False, 'profile_link_color': '1DA1F2', 'profile_sidebar_border_color': 'C0DEED', 'profile_sidebar_fill_color': 'DDEEF6', 'profile_text_color': '333333', 'profile_use_background_image': True, 'profile_image_url': 'http://pbs.twimg.com/profile_images/1297827608239828992/88ve2WAY_normal.jpg', 'profile_image_url_https': 'https://pbs.twimg.com/profile_images/1297827608239828992/88ve2WAY_normal.jpg', 'default_profile': True, 'default_profile_image': False, 'following': None, 'follow_request_sent': None, 'notifications': None}, 'geo': None, 'coordinates': None, 'place': None, 'contributors': None, 'is_quote_status': False, 'quote_count': 0, 'reply_count': 2, 'retweet_count': 20, 'favorite_count': 9, 'entities': {'hashtags': [{'text': 'ì„¹íŠ¸', 'indices': [18, 21]}, {'text': 'ë³€ë…€', 'indices': [22, 25]}, {'text': 'ë³€ë‚¨', 'indices': [26, 29]}, {'text': 'ì¼íƒˆ', 'indices': [30, 33]}], 'urls': [], 'user_mentions': [], 'symbols': [], 'media': [{'id': 1298110342497615872, 'id_str': '1298110342497615872', 'indices': [34, 57], 'media_url': 'http://pbs.twimg.com/media/EgPQepPUwAAe_Ng.jpg', 'media_url_https': 'https://pbs.twimg.com/media/EgPQepPUwAAe_Ng.jpg', 'url': 'https://t.co/BOR4Pfoc1y', 'display_url': 'pic.twitter.com/BOR4Pfoc1y', 'expanded_url': 'https://twitter.com/lovely_s06/status/1298110351020396544/photo/1', 'type': 'photo', 'sizes': {'thumb': {'w': 150, 'h': 150, 'resize': 'crop'}, 'small': {'w': 680, 'h': 491, 'resize': 'fit'}, 'large': {'w': 1024, 'h': 739, 'resize': 'fit'}, 'medium': {'w': 1024, 'h': 739, 'resize': 'fit'}}}]}, 'extended_entities': {'media': [{'id': 1298110342497615872, 'id_str': '1298110342497615872', 'indices': [34, 57], 'media_url': 'http://pbs.twimg.com/media/EgPQepPUwAAe_Ng.jpg', 'media_url_https': 'https://pbs.twimg.com/media/EgPQepPUwAAe_Ng.jpg', 'url': 'https://t.co/BOR4Pfoc1y', 'display_url': 'pic.twitter.com/BOR4Pfoc1y', 'expanded_url': 'https://twitter.com/lovely_s06/status/1298110351020396544/photo/1', 'type': 'photo', 'sizes': {'thumb': {'w': 150, 'h': 150, 'resize': 'crop'}, 'small': {'w': 680, 'h': 491, 'resize': 'fit'}, 'large': {'w': 1024, 'h': 739, 'resize': 'fit'}, 'medium': {'w': 1024, 'h': 739, 'resize': 'fit'}}}, {'id': 1298110342497632259, 'id_str': '1298110342497632259', 'indices': [34, 57], 'media_url': 'http://pbs.twimg.com/media/EgPQepPVAAMk-w8.jpg', 'media_url_https': 'https://pbs.twimg.com/media/EgPQepPVAAMk-w8.jpg', 'url': 'https://t.co/BOR4Pfoc1y', 'display_url': 'pic.twitter.com/BOR4Pfoc1y', 'expanded_url': 'https://twitter.com/lovely_s06/status/1298110351020396544/photo/1', 'type': 'photo', 'sizes': {'small': {'w': 621, 'h': 680, 'resize': 'fit'}, 'thumb': {'w': 150, 'h': 150, 'resize': 'crop'}, 'large': {'w': 827, 'h': 905, 'resize': 'fit'}, 'medium': {'w': 827, 'h': 905, 'resize': 'fit'}}}]}, 'favorited': False, 'retweeted': False, 'possibly_sensitive': False, 'filter_level': 'low', 'lang': 'ko'}","{'media': [{'id': 1298110342497615872, 'id_str': '1298110342497615872', 'indices': [50, 73], 'media_url': 'http://pbs.twimg.com/media/EgPQepPUwAAe_Ng.jpg', 'media_url_https': 'https://pbs.twimg.com/media/EgPQepPUwAAe_Ng.jpg', 'url': 'https://t.co/BOR4Pfoc1y', 'display_url': 'pic.twitter.com/BOR4Pfoc1y', 'expanded_url': 'https://twitter.com/lovely_s06/status/1298110351020396544/photo/1', 'type': 'photo', 'sizes': {'thumb': {'w': 150, 'h': 150, 'resize': 'crop'}, 'small': {'w': 680, 'h': 491, 'resize': 'fit'}, 'large': {'w': 1024, 'h': 739, 'resize': 'fit'}, 'medium': {'w': 1024, 'h': 739, 'resize': 'fit'}}, 'source_status_id': 1298110351020396544, 'source_status_id_str': '1298110351020396544', 'source_user_id': 1293552258416701440, 'source_user_id_str': '1293552258416701440'}, {'id': 1298110342497632259, 'id_str': '1298110342497632259', 'indices': [50, 73], 'media_url': 'http://pbs.twimg.com/media/EgPQepPVAAMk-w8.jpg', 'media_url_https': 'https://pbs.twimg.com/media/EgPQepPVAAMk-w8.jpg', 'url': 'https://t.co/BOR4Pfoc1y', 'display_url': 'pic.twitter.com/BOR4Pfoc1y', 'expanded_url': 'https://twitter.com/lovely_s06/status/1298110351020396544/photo/1', 'type': 'photo', 'sizes': {'small': {'w': 621, 'h': 680, 'resize': 'fit'}, 'thumb': {'w': 150, 'h': 150, 'resize': 'crop'}, 'large': {'w': 827, 'h': 905, 'resize': 'fit'}, 'medium': {'w': 827, 'h': 905, 'resize': 'fit'}}, 'source_status_id': 1298110351020396544, 'source_status_id_str': '1298110351020396544', 'source_user_id': 1293552258416701440, 'source_user_id_str': '1293552258416701440'}]}",0.0,,,,,,
False,2020-08-25 17:19:25,1298173122638516224,1298173122638516224,"RT @lolina_74: ìì„¸í•œ ì´ë²¤íŠ¸ë‚´ìš©ì€ ì‚¬ì§„ì°¸ê³ í•´ì£¼ì„¸ìš©â™¡

#ìƒì¼ê¸°ë… #ìƒì¼ #ì´ë²¤íŠ¸ #ì„¹íŠ¸ #ìì˜ #ë…¸ì¶œ #ì¸ì¦ì´ë²¤íŠ¸ #ì‚¬ì§„ #ê° í†¡ #ë³€ë…€ #ì„¹ã……ã…¡ https://t.co/Q4t11aQVTz","<a href=""http://twitter.com/download/android"" rel=""nofollow"">Twitter for Android</a>",False,,,,,,"{'id': 1277529085657313280, 'id_str': '1277529085657313280', 'name': 'ì‚¬ê³¼í‹°ë¹„BJê³ ì–‘ì´', 'screen_name': 'BJ07877842', 'location': None, 'url': None, 'description': 'ì‚¬ê³¼í‹°ë¹„ BJ\nìƒë°©ì†¡ ë¼ì´ë¸ŒëŠ” ì‚¬ê³¼í‹°ë¹„.com\nìœ íŠœë²„\nì œì‘ì˜ìƒ ë˜ëŠ”\në°©ì†¡í¸ì§‘ì˜ìƒì€ ì•„ë˜ë§í¬ë¡œ\nêµ¬ë…,ì¢‹ì•„ìš” ë¶€íƒí•´ìš”^^\nhttps://www.youtube.com/channel/UCt9KU5XhErlfcudGLW9uzLw', 'translator_type': 'none', 'protected': False, 'verified': False, 'followers_count': 9, 'friends_count': 2, 'listed_count': 0, 'favourites_count': 34, 'statuses_count': 36, 'created_at': 'Mon Jun 29 09:07:46 +0000 2020', 'utc_offset': None, 'time_zone': None, 'geo_enabled': False, 'lang': None, 'contributors_enabled': False, 'is_translator': False, 'profile_background_color': 'F5F8FA', 'profile_background_image_url': '', 'profile_background_image_url_https': '', 'profile_background_tile': False, 'profile_link_color': '1DA1F2', 'profile_sidebar_border_color': 'C0DEED', 'profile_sidebar_fill_color': 'DDEEF6', 'profile_text_color': '333333', 'profile_use_background_image': True, 'profile_image_url': 'http://pbs.twimg.com/profile_images/1277529321402294272/D-i-V96M_normal.jpg', 'profile_image_url_https': 'https://pbs.twimg.com/profile_images/1277529321402294272/D-i-V96M_normal.jpg', 'default_profile': True, 'default_profile_image': False, 'following': None, 'follow_request_sent': None, 'notifications': None}",,,,,False,0,0,0,0,"{'hashtags': [{'text': 'ìƒì¼ê¸°ë…', 'indices': [37, 42]}, {'text': 'ìƒì¼', 'indices': [43, 46]}, {'text': 'ì´ë²¤íŠ¸', 'indices': [47, 51]}, {'text': 'ì„¹íŠ¸', 'indices': [52, 55]}, {'text': 'ìì˜', 'indices': [56, 59]}, {'text': 'ë…¸ì¶œ', 'indices': [60, 63]}, {'text': 'ì¸ì¦ì´ë²¤íŠ¸', 'indices': [64, 70]}, {'text': 'ì‚¬ì§„', 'indices': [71, 74]}, {'text': 'ê° í†¡', 'indices': [75, 78]}, {'text': 'ë³€ë…€', 'indices': [79, 82]}, {'text': 'ì„¹ã……ã…¡', 'indices': [83, 87]}], 'urls': [], 'user_mentions': [{'screen_name': 'lolina_74', 'name': 'ì‚¬ê³¼í‹°ë¹„ BJê³ ì–‘ì´', 'id': 965559630481866752, 'id_str': '965559630481866752', 'indices': [3, 13]}], 'symbols': [], 'media': [{'id': 1298131569089974273, 'id_str': '1298131569089974273', 'indices': [88, 111], 'media_url': 'http://pbs.twimg.com/media/EgPjyMdUEAE4ynb.jpg', 'media_url_https': 'https://pbs.twimg.com/media/EgPjyMdUEAE4ynb.jpg', 'url': 'https://t.co/Q4t11aQVTz', 'display_url': 'pic.twitter.com/Q4t11aQVTz', 'expanded_url': 'https://twitter.com/lolina_74/status/1298131587154903040/photo/1', 'type': 'photo', 'sizes': {'thumb': {'w': 150, 'h': 150, 'resize': 'crop'}, 'medium': {'w': 1200, 'h': 1200, 'resize': 'fit'}, 'large': {'w': 2048, 'h': 2048, 'resize': 'fit'}, 'small': {'w': 680, 'h': 680, 'resize': 'fit'}}, 'source_status_id': 1298131587154903040, 'source_status_id_str': '1298131587154903040', 'source_user_id': 965559630481866752, 'source_user_id_str': '965559630481866752'}]}",False,False,low,ko,2020-08-25 08:19:25.984,"{'created_at': 'Tue Aug 25 05:34:23 +0000 2020', 'id': 1298131587154903040, 'id_str': '1298131587154903040', 'text': 'ìì„¸í•œ ì´ë²¤íŠ¸ë‚´ìš©ì€ ì‚¬ì§„ì°¸ê³ í•´ì£¼ì„¸ìš©â™¡\n\n#ìƒì¼ê¸°ë… #ìƒì¼ #ì´ë²¤íŠ¸ #ì„¹íŠ¸ #ìì˜ #ë…¸ì¶œ #ì¸ì¦ì´ë²¤íŠ¸ #ì‚¬ì§„ #ê° í†¡ #ë³€ë…€ #ì„¹ã……ã…¡ https://t.co/Q4t11aQVTz', 'display_text_range': [0, 72], 'source': '<a href=""http://twitter.com/download/android"" rel=""nofollow"">Twitter for Android</a>', 'truncated': False, 'in_reply_to_status_id': None, 'in_reply_to_status_id_str': None, 'in_reply_to_user_id': None, 'in_reply_to_user_id_str': None, 'in_reply_to_screen_name': None, 'user': {'id': 965559630481866752, 'id_str': '965559630481866752', 'name': 'ì‚¬ê³¼í‹°ë¹„ BJê³ ì–‘ì´', 'screen_name': 'lolina_74', 'location': None, 'url': 'https://linktr.ee/lolina_74', 'description': ""*BJê³ ì–‘ì´ ê³µì‹ê³„ì •* \nâ—DMì˜ì•ˆë´ìš”\nâ—Youtue - 'ì‚¬ê³¼í‹°ë¹„ BJê³ ì–‘ì´'ê²€ìƒ‰ \nâ—ì‚¬ê³¼í‹°ë¹„ì—ì„œ í™œë™â—"", 'translator_type': 'none', 'protected': False, 'verified': False, 'followers_count': 818, 'friends_count': 17, 'listed_count': 2, 'favourites_count': 12, 'statuses_count': 108, 'created_at': 'Mon Feb 19 12:12:09 +0000 2018', 'utc_offset': None, 'time_zone': None, 'geo_enabled': False, 'lang': None, 'contributors_enabled': False, 'is_translator': False, 'profile_background_color': 'F5F8FA', 'profile_background_image_url': '', 'profile_background_image_url_https': '', 'profile_background_tile': False, 'profile_link_color': '1DA1F2', 'profile_sidebar_border_color': 'C0DEED', 'profile_sidebar_fill_color': 'DDEEF6', 'profile_text_color': '333333', 'profile_use_background_image': True, 'profile_image_url': 'http://pbs.twimg.com/profile_images/1281690169955868673/u7LwwVA9_normal.jpg', 'profile_image_url_https': 'https://pbs.twimg.com/profile_images/1281690169955868673/u7LwwVA9_normal.jpg', 'profile_banner_url': 'https://pbs.twimg.com/profile_banners/965559630481866752/1594413723', 'default_profile': True, 'default_profile_image': False, 'following': None, 'follow_request_sent': None, 'notifications': None}, 'geo': None, 'coordinates': None, 'place': None, 'contributors': None, 'is_quote_status': False, 'quote_count': 0, 'reply_count': 0, 'retweet_count': 3, 'favorite_count': 4, 'entities': {'hashtags': [{'text': 'ìƒì¼ê¸°ë…', 'indices': [22, 27]}, {'text': 'ìƒì¼', 'indices': [28, 31]}, {'text': 'ì´ë²¤íŠ¸', 'indices': [32, 36]}, {'text': 'ì„¹íŠ¸', 'indices': [37, 40]}, {'text': 'ìì˜', 'indices': [41, 44]}, {'text': 'ë…¸ì¶œ', 'indices': [45, 48]}, {'text': 'ì¸ì¦ì´ë²¤íŠ¸', 'indices': [49, 55]}, {'text': 'ì‚¬ì§„', 'indices': [56, 59]}, {'text': 'ê° í†¡', 'indices': [60, 63]}, {'text': 'ë³€ë…€', 'indices': [64, 67]}, {'text': 'ì„¹ã……ã…¡', 'indices': [68, 72]}], 'urls': [], 'user_mentions': [], 'symbols': [], 'media': [{'id': 1298131569089974273, 'id_str': '1298131569089974273', 'indices': [73, 96], 'media_url': 'http://pbs.twimg.com/media/EgPjyMdUEAE4ynb.jpg', 'media_url_https': 'https://pbs.twimg.com/media/EgPjyMdUEAE4ynb.jpg', 'url': 'https://t.co/Q4t11aQVTz', 'display_url': 'pic.twitter.com/Q4t11aQVTz', 'expanded_url': 'https://twitter.com/lolina_74/status/1298131587154903040/photo/1', 'type': 'photo', 'sizes': {'thumb': {'w': 150, 'h': 150, 'resize': 'crop'}, 'medium': {'w': 1200, 'h': 1200, 'resize': 'fit'}, 'large': {'w': 2048, 'h': 2048, 'resize': 'fit'}, 'small': {'w': 680, 'h': 680, 'resize': 'fit'}}}]}, 'extended_entities': {'media': [{'id': 1298131569089974273, 'id_str': '1298131569089974273', 'indices': [73, 96], 'media_url': 'http://pbs.twimg.com/media/EgPjyMdUEAE4ynb.jpg', 'media_url_https': 'https://pbs.twimg.com/media/EgPjyMdUEAE4ynb.jpg', 'url': 'https://t.co/Q4t11aQVTz', 'display_url': 'pic.twitter.com/Q4t11aQVTz', 'expanded_url': 'https://twitter.com/lolina_74/status/1298131587154903040/photo/1', 'type': 'photo', 'sizes': {'thumb': {'w': 150, 'h': 150, 'resize': 'crop'}, 'medium': {'w': 1200, 'h': 1200, 'resize': 'fit'}, 'large': {'w': 2048, 'h': 2048, 'resize': 'fit'}, 'small': {'w': 680, 'h': 680, 'resize': 'fit'}}}, {'id': 1298131580821495808, 'id_str': '1298131580821495808', 'indices': [73, 96], 'media_url': 'http://pbs.twimg.com/media/EgPjy4KU4AACFN1.jpg', 'media_url_https': 'https://pbs.twimg.com/media/EgPjy4KU4AACFN1.jpg', 'url': 'https://t.co/Q4t11aQVTz', 'display_url': 'pic.twitter.com/Q4t11aQVTz', 'expanded_url': 'https://twitter.com/lolina_74/status/1298131587154903040/photo/1', 'type': 'photo', 'sizes': {'thumb': {'w': 150, 'h': 150, 'resize': 'crop'}, 'small': {'w': 680, 'h': 514, 'resize': 'fit'}, 'medium': {'w': 1080, 'h': 816, 'resize': 'fit'}, 'large': {'w': 1080, 'h': 816, 'resize': 'fit'}}}]}, 'favorited': False, 'retweeted': False, 'possibly_sensitive': False, 'filter_level': 'low', 'lang': 'ko'}","{'media': [{'id': 1298131569089974273, 'id_str': '1298131569089974273', 'indices': [88, 111], 'media_url': 'http://pbs.twimg.com/media/EgPjyMdUEAE4ynb.jpg', 'media_url_https': 'https://pbs.twimg.com/media/EgPjyMdUEAE4ynb.jpg', 'url': 'https://t.co/Q4t11aQVTz', 'display_url': 'pic.twitter.com/Q4t11aQVTz', 'expanded_url': 'https://twitter.com/lolina_74/status/1298131587154903040/photo/1', 'type': 'photo', 'sizes': {'thumb': {'w': 150, 'h': 150, 'resize': 'crop'}, 'medium': {'w': 1200, 'h': 1200, 'resize': 'fit'}, 'large': {'w': 2048, 'h': 2048, 'resize': 'fit'}, 'small': {'w': 680, 'h': 680, 'resize': 'fit'}}, 'source_status_id': 1298131587154903040, 'source_status_id_str': '1298131587154903040', 'source_user_id': 965559630481866752, 'source_user_id_str': '965559630481866752'}, {'id': 1298131580821495808, 'id_str': '1298131580821495808', 'indices': [88, 111], 'media_url': 'http://pbs.twimg.com/media/EgPjy4KU4AACFN1.jpg', 'media_url_https': 'https://pbs.twimg.com/media/EgPjy4KU4AACFN1.jpg', 'url': 'https://t.co/Q4t11aQVTz', 'display_url': 'pic.twitter.com/Q4t11aQVTz', 'expanded_url': 'https://twitter.com/lolina_74/status/1298131587154903040/photo/1', 'type': 'photo', 'sizes': {'thumb': {'w': 150, 'h': 150, 'resize': 'crop'}, 'small': {'w': 680, 'h': 514, 'resize': 'fit'}, 'medium': {'w': 1080, 'h': 816, 'resize': 'fit'}, 'large': {'w': 1080, 'h': 816, 'resize': 'fit'}}, 'source_status_id': 1298131587154903040, 'source_status_id_str': '1298131587154903040', 'source_user_id': 965559630481866752, 'source_user_id_str': '965559630481866752'}]}",0.0,,,,,,
False,2020-08-25 17:53:25,1298181676506345473,1298181676506345472,"#ì•”ìº #ì¢†ë¬¼ë°›ì´ #ìœ¡ë³€ê¸° #ì£¼ì¸ #ë…¸ì˜ˆ #ë…¸ì˜ˆë…€  #ê°€ìŠ´ #ê°œë³´ì§€ 
#ëŠ¥ìš• #ê°œë³´ì§€ #í¨ì„­ #ìŠ¤íŒ½ #ìŠ¤íŒ½ì»¤ #ìˆ˜ì¹˜ #ìœ¡ë³€ê¸° #ì•”í‡˜ì§€ #ì¡°ë ¨ #ì¡°êµ #ê³µì¤‘ë³€ì†Œ #ì—¬ì™•ê¹¨ê¸° #ë¸Œë« #ê°•ì œ #ì•¼ë…¸ #ì—¬ì™• #ì•”ìº #ê±¸ë ˆ #ê°œì¡° #ê°€ì¶•
#ë³€ë…€ #ë„ê·¸ #ë°•ì œ","<a href=""https://mobile.twitter.com"" rel=""nofollow"">Twitter Web App</a>",False,1.2981816494153032e+18,1.2981816494153032e+18,1.2978873732675953e+18,1.2978873732675953e+18,MD_Master77,"{'id': 1297887373267595266, 'id_str': '1297887373267595266', 'name': 'ì•”ìº,ì•”í‡˜ì§€ ì¡°ë ¨ì‚¬', 'screen_name': 'MD_Master77', 'location': None, 'url': None, 'description': 'ìŠ¤íŒ½ì´ë‚˜ ëŠ¥ìš•,ë¯¸ì…˜ ë“± ì˜¨í”Œë¡œ ê°ˆ ì—¬ì,\níƒ€ë½í•´ì„œ ìŒë€í•˜ê²Œ ë³µì¢…í•  ì•”ìº,ê°€ì¶•ë…„ë“¤\në””ì— í•´ ë¼ì¸ìœ¼ë¡œ í• ê±°ë©´ ë¼ì¸ ì•„ì´ë”” ë‚¨ê²¨\n(ë‚˜ì´ìƒê´€Xëª¸ë§¤ìƒê´€Xí˜¸ê¸°ì‹¬,ì´ˆë³´ ã„±ã„´)\n(ìƒí™œê´€ë¦¬,ë°•ì œ,ë°°ë³€ê´€ë¦¬ ê±°ì˜ ë‹¤ë¨)', 'translator_type': 'none', 'protected': False, 'verified': False, 'followers_count': 1, 'friends_count': 110, 'listed_count': 0, 'favourites_count': 0, 'statuses_count': 73, 'created_at': 'Mon Aug 24 13:24:04 +0000 2020', 'utc_offset': None, 'time_zone': None, 'geo_enabled': False, 'lang': None, 'contributors_enabled': False, 'is_translator': False, 'profile_background_color': 'F5F8FA', 'profile_background_image_url': '', 'profile_background_image_url_https': '', 'profile_background_tile': False, 'profile_link_color': '1DA1F2', 'profile_sidebar_border_color': 'C0DEED', 'profile_sidebar_fill_color': 'DDEEF6', 'profile_text_color': '333333', 'profile_use_background_image': True, 'profile_image_url': 'http://pbs.twimg.com/profile_images/1297895215705935874/3iOd5xpD_normal.jpg', 'profile_image_url_https': 'https://pbs.twimg.com/profile_images/1297895215705935874/3iOd5xpD_normal.jpg', 'profile_banner_url': 'https://pbs.twimg.com/profile_banners/1297887373267595266/1598276037', 'default_profile': True, 'default_profile_image': False, 'following': None, 'follow_request_sent': None, 'notifications': None}",,,,,False,0,0,0,0,"{'hashtags': [{'text': 'ì•”ìº', 'indices': [0, 3]}, {'text': 'ì¢†ë¬¼ë°›ì´', 'indices': [4, 9]}, {'text': 'ìœ¡ë³€ê¸°', 'indices': [10, 14]}, {'text': 'ì£¼ì¸', 'indices': [15, 18]}, {'text': 'ë…¸ì˜ˆ', 'indices': [19, 22]}, {'text': 'ë…¸ì˜ˆë…€', 'indices': [23, 27]}, {'text': 'ê°€ìŠ´', 'indices': [29, 32]}, {'text': 'ê°œë³´ì§€', 'indices': [33, 37]}, {'text': 'ëŠ¥ìš•', 'indices': [39, 42]}, {'text': 'ê°œë³´ì§€', 'indices': [43, 47]}, {'text': 'í¨ì„­', 'indices': [48, 51]}, {'text': 'ìŠ¤íŒ½', 'indices': [52, 55]}, {'text': 'ìŠ¤íŒ½ì»¤', 'indices': [56, 60]}, {'text': 'ìˆ˜ì¹˜', 'indices': [61, 64]}, {'text': 'ìœ¡ë³€ê¸°', 'indices': [65, 69]}, {'text': 'ì•”í‡˜ì§€', 'indices': [70, 74]}, {'text': 'ì¡°ë ¨', 'indices': [75, 78]}, {'text': 'ì¡°êµ', 'indices': [79, 82]}, {'text': 'ê³µì¤‘ë³€ì†Œ', 'indices': [83, 88]}, {'text': 'ì—¬ì™•ê¹¨ê¸°', 'indices': [89, 94]}, {'text': 'ë¸Œë«', 'indices': [95, 98]}, {'text': 'ê°•ì œ', 'indices': [99, 102]}, {'text': 'ì•¼ë…¸', 'indices': [103, 106]}, {'text': 'ì—¬ì™•', 'indices': [107, 110]}, {'text': 'ì•”ìº', 'indices': [111, 114]}, {'text': 'ê±¸ë ˆ', 'indices': [115, 118]}, {'text': 'ê°œì¡°', 'indices': [119, 122]}, {'text': 'ê°€ì¶•', 'indices': [123, 126]}, {'text': 'ë³€ë…€', 'indices': [127, 130]}, {'text': 'ë„ê·¸', 'indices': [131, 134]}, {'text': 'ë°•ì œ', 'indices': [135, 138]}], 'urls': [], 'user_mentions': [], 'symbols': []}",False,False,low,und,2020-08-25 08:53:25.385,,,,,,,,,
False,2020-08-25 17:54:12,1298181876046163968,1298181876046163968,"RT @mygfslut: ì§€ì¸ë“¤ì€ ê·¸ì € ì²­ìˆœí•˜ê³  ì¡°ì‹ í•œ ì—¬ìë¡œë§Œ ì•Œê³  ìˆê² ì§€ë§Œ ì‹¤ìƒì€ ë³´ì‹œë“¯ì´ ì¹´ë©”ë¼ ì•ì—ì„œ ìì§€ë‚˜ ë¹¨ê³  ìˆëŠ” ë…„ì…ë‹ˆë‹¤^^
RT 200 ëŒíŒŒ ì‹œ, ì¶”ì²¨ì„ í†µí•´ ì›ë³¸ì„ ê³µìœ í•©ë‹ˆë‹¤!
#ì„¹íŠ¸ #ì¼íƒˆê³„ #ëŠ¥ìš• #ì¡°ë ¨ #ì–¼ì‹¸ #ì˜¤í”„ #ë³€ë…€ #â€¦","<a href=""http://twitter.com/download/iphone"" rel=""nofollow"">Twitter for iPhone</a>",False,,,,,,"{'id': 2319963319, 'id_str': '2319963319', 'name': 'ì ìˆ˜ë¶€ëŒ€', 'screen_name': 'parliament0923', 'location': 'ì„œìš¸', 'url': None, 'description': 'ê·¸ëƒ¥ ìš´ë™ ì¢‹ì•„í•˜ëŠ” 20ëŒ€ í›„ë°˜ 190cm 90kg ë‚¨ì ì„œìš¸ ë©œë” í—Œí„° ë””ê·¸ë ˆì´ë” ì˜¤í”„ëŠ” ë””ì—  ë¯¼ì§œëŠ” ì¡°ìš©íˆ êº¼ì ¸ì£¼ì‹œë©´ ë§¤ìš° ê°ì‚¬í•˜ê² ìŠµë‹ˆë‹¤ ì¸ìƒ ì¡°ì§€ê¸° ì‹«ê±°ë“ ìš”  #ë©œë”#í—Œí„°#ë””ê·¸ë ˆì´ë”#ì´ˆëŒ€ë‚¨#ì„œìš¸#ê²½ê¸°#ëŒ€êµ¬', 'translator_type': 'none', 'protected': False, 'verified': False, 'followers_count': 56, 'friends_count': 219, 'listed_count': 0, 'favourites_count': 64, 'statuses_count': 1030, 'created_at': 'Fri Jan 31 00:45:09 +0000 2014', 'utc_offset': None, 'time_zone': None, 'geo_enabled': False, 'lang': None, 'contributors_enabled': False, 'is_translator': False, 'profile_background_color': 'C0DEED', 'profile_background_image_url': 'http://abs.twimg.com/images/themes/theme1/bg.png', 'profile_background_image_url_https': 'https://abs.twimg.com/images/themes/theme1/bg.png', 'profile_background_tile': False, 'profile_link_color': '1DA1F2', 'profile_sidebar_border_color': 'C0DEED', 'profile_sidebar_fill_color': 'DDEEF6', 'profile_text_color': '333333', 'profile_use_background_image': True, 'profile_image_url': 'http://pbs.twimg.com/profile_images/1282324123734036480/A216eVpf_normal.jpg', 'profile_image_url_https': 'https://pbs.twimg.com/profile_images/1282324123734036480/A216eVpf_normal.jpg', 'default_profile': True, 'default_profile_image': False, 'following': None, 'follow_request_sent': None, 'notifications': None}",,,,,False,0,0,0,0,"{'hashtags': [{'text': 'ì„¹íŠ¸', 'indices': [109, 112]}, {'text': 'ì¼íƒˆê³„', 'indices': [113, 117]}, {'text': 'ëŠ¥ìš•', 'indices': [118, 121]}, {'text': 'ì¡°ë ¨', 'indices': [122, 125]}, {'text': 'ì–¼ì‹¸', 'indices': [126, 129]}, {'text': 'ì˜¤í”„', 'indices': [130, 133]}, {'text': 'ë³€ë…€', 'indices': [134, 137]}], 'urls': [], 'user_mentions': [{'screen_name': 'mygfslut', 'name': 'ëŠ¥ìš•ë°›ëŠ”ì—¬ì¹œ', 'id': 1222178540969324544, 'id_str': '1222178540969324544', 'indices': [3, 12]}], 'symbols': []}",False,False,low,ko,2020-08-25 08:54:12.959,"{'created_at': 'Tue Aug 25 08:10:10 +0000 2020', 'id': 1298170791410860032, 'id_str': '1298170791410860032', 'text': 'ì§€ì¸ë“¤ì€ ê·¸ì € ì²­ìˆœí•˜ê³  ì¡°ì‹ í•œ ì—¬ìë¡œë§Œ ì•Œê³  ìˆê² ì§€ë§Œ ì‹¤ìƒì€ ë³´ì‹œë“¯ì´ ì¹´ë©”ë¼ ì•ì—ì„œ ìì§€ë‚˜ ë¹¨ê³  ìˆëŠ” ë…„ì…ë‹ˆë‹¤^^\nRT 200 ëŒíŒŒ ì‹œ, ì¶”ì²¨ì„ í†µí•´ ì›ë³¸ì„ ê³µìœ í•©ë‹ˆë‹¤!\n#ì„¹íŠ¸ #ì¼íƒˆê³„ #ëŠ¥ìš• #ì¡°ë ¨ #ì–¼ì‹¸â€¦ https://t.co/MUi3XS9DR9', 'display_text_range': [0, 140], 'source': '<a href=""http://twitter.com/download/android"" rel=""nofollow"">Twitter for Android</a>', 'truncated': True, 'in_reply_to_status_id': None, 'in_reply_to_status_id_str': None, 'in_reply_to_user_id': None, 'in_reply_to_user_id_str': None, 'in_reply_to_screen_name': None, 'user': {'id': 1222178540969324544, 'id_str': '1222178540969324544', 'name': 'ëŠ¥ìš•ë°›ëŠ”ì—¬ì¹œ', 'screen_name': 'mygfslut', 'location': None, 'url': None, 'description': 'ì—¬ì¹œ ëŠ¥ìš• / ê¸°íƒ€ ë¬¸ì˜ = DM', 'translator_type': 'none', 'protected': False, 'verified': False, 'followers_count': 8384, 'friends_count': 0, 'listed_count': 0, 'favourites_count': 0, 'statuses_count': 1, 'created_at': 'Tue Jan 28 15:24:13 +0000 2020', 'utc_offset': None, 'time_zone': None, 'geo_enabled': False, 'lang': None, 'contributors_enabled': False, 'is_translator': False, 'profile_background_color': 'F5F8FA', 'profile_background_image_url': '', 'profile_background_image_url_https': '', 'profile_background_tile': False, 'profile_link_color': '1DA1F2', 'profile_sidebar_border_color': 'C0DEED', 'profile_sidebar_fill_color': 'DDEEF6', 'profile_text_color': '333333', 'profile_use_background_image': True, 'profile_image_url': 'http://pbs.twimg.com/profile_images/1255210872085061632/Ebi_SD-n_normal.jpg', 'profile_image_url_https': 'https://pbs.twimg.com/profile_images/1255210872085061632/Ebi_SD-n_normal.jpg', 'default_profile': True, 'default_profile_image': False, 'following': None, 'follow_request_sent': None, 'notifications': None}, 'geo': None, 'coordinates': None, 'place': None, 'contributors': None, 'is_quote_status': False, 'extended_tweet': {'full_text': 'ì§€ì¸ë“¤ì€ ê·¸ì € ì²­ìˆœí•˜ê³  ì¡°ì‹ í•œ ì—¬ìë¡œë§Œ ì•Œê³  ìˆê² ì§€ë§Œ ì‹¤ìƒì€ ë³´ì‹œë“¯ì´ ì¹´ë©”ë¼ ì•ì—ì„œ ìì§€ë‚˜ ë¹¨ê³  ìˆëŠ” ë…„ì…ë‹ˆë‹¤^^\nRT 200 ëŒíŒŒ ì‹œ, ì¶”ì²¨ì„ í†µí•´ ì›ë³¸ì„ ê³µìœ í•©ë‹ˆë‹¤!\n#ì„¹íŠ¸ #ì¼íƒˆê³„ #ëŠ¥ìš• #ì¡°ë ¨ #ì–¼ì‹¸ #ì˜¤í”„ #ë³€ë…€ #ì•”í‡˜ì§€ #ìœ¡ë³€ê¸° #ë„¤í†  #ì´ˆëŒ€ë‚¨ #ì‘ì—…ë‚¨ https://t.co/qtvwkADfKr', 'display_text_range': [0, 147], 'entities': {'hashtags': [{'text': 'ì„¹íŠ¸', 'indices': [95, 98]}, {'text': 'ì¼íƒˆê³„', 'indices': [99, 103]}, {'text': 'ëŠ¥ìš•', 'indices': [104, 107]}, {'text': 'ì¡°ë ¨', 'indices': [108, 111]}, {'text': 'ì–¼ì‹¸', 'indices': [112, 115]}, {'text': 'ì˜¤í”„', 'indices': [116, 119]}, {'text': 'ë³€ë…€', 'indices': [120, 123]}, {'text': 'ì•”í‡˜ì§€', 'indices': [124, 128]}, {'text': 'ìœ¡ë³€ê¸°', 'indices': [129, 133]}, {'text': 'ë„¤í† ', 'indices': [134, 137]}, {'text': 'ì´ˆëŒ€ë‚¨', 'indices': [138, 142]}, {'text': 'ì‘ì—…ë‚¨', 'indices': [143, 147]}], 'urls': [], 'user_mentions': [], 'symbols': [], 'media': [{'id': 1298170755817996288, 'id_str': '1298170755817996288', 'indices': [148, 171], 'media_url': 'http://pbs.twimg.com/tweet_video_thumb/EgQHbKZVAAAyWfu.jpg', 'media_url_https': 'https://pbs.twimg.com/tweet_video_thumb/EgQHbKZVAAAyWfu.jpg', 'url': 'https://t.co/qtvwkADfKr', 'display_url': 'pic.twitter.com/qtvwkADfKr', 'expanded_url': 'https://twitter.com/mygfslut/status/1298170791410860032/photo/1', 'type': 'animated_gif', 'video_info': {'aspect_ratio': [41, 23], 'variants': [{'bitrate': 0, 'content_type': 'video/mp4', 'url': 'https://video.twimg.com/tweet_video/EgQHbKZVAAAyWfu.mp4'}]}, 'sizes': {'thumb': {'w': 150, 'h': 150, 'resize': 'crop'}, 'medium': {'w': 656, 'h': 368, 'resize': 'fit'}, 'large': {'w': 656, 'h': 368, 'resize': 'fit'}, 'small': {'w': 656, 'h': 368, 'resize': 'fit'}}}]}, 'extended_entities': {'media': [{'id': 1298170755817996288, 'id_str': '1298170755817996288', 'indices': [148, 171], 'media_url': 'http://pbs.twimg.com/tweet_video_thumb/EgQHbKZVAAAyWfu.jpg', 'media_url_https': 'https://pbs.twimg.com/tweet_video_thumb/EgQHbKZVAAAyWfu.jpg', 'url': 'https://t.co/qtvwkADfKr', 'display_url': 'pic.twitter.com/qtvwkADfKr', 'expanded_url': 'https://twitter.com/mygfslut/status/1298170791410860032/photo/1', 'type': 'animated_gif', 'video_info': {'aspect_ratio': [41, 23], 'variants': [{'bitrate': 0, 'content_type': 'video/mp4', 'url': 'https://video.twimg.com/tweet_video/EgQHbKZVAAAyWfu.mp4'}]}, 'sizes': {'thumb': {'w': 150, 'h': 150, 'resize': 'crop'}, 'medium': {'w': 656, 'h': 368, 'resize': 'fit'}, 'large': {'w': 656, 'h': 368, 'resize': 'fit'}, 'small': {'w': 656, 'h': 368, 'resize': 'fit'}}}]}}, 'quote_count': 0, 'reply_count': 1, 'retweet_count': 2, 'favorite_count': 14, 'entities': {'hashtags': [{'text': 'ì„¹íŠ¸', 'indices': [95, 98]}, {'text': 'ì¼íƒˆê³„', 'indices': [99, 103]}, {'text': 'ëŠ¥ìš•', 'indices': [104, 107]}, {'text': 'ì¡°ë ¨', 'indices': [108, 111]}, {'text': 'ì–¼ì‹¸', 'indices': [112, 115]}], 'urls': [{'url': 'https://t.co/MUi3XS9DR9', 'expanded_url': 'https://twitter.com/i/web/status/1298170791410860032', 'display_url': 'twitter.com/i/web/status/1â€¦', 'indices': [117, 140]}], 'user_mentions': [], 'symbols': []}, 'favorited': False, 'retweeted': False, 'possibly_sensitive': False, 'filter_level': 'low', 'lang': 'ko'}",,,,,,,,
False,2020-08-25 17:55:34,1298182218603364352,1298182218603364352,"ê°•ì•„ì§€(ğŸšº) êµ¬ì¸í•©ë‹ˆë‹¤
ë””ì—  ë˜ëŠ” ë¼ì¸ se1xx ì—°ë½ ì£¼ì„¸ìš”

#êµ¬ì¸ #ë””ì—£ #ì—ì„¸ë¨¸ #í¨ì„­ #ì•”ìº #ë³€ë…€ #ë©œë” #ì£¼ì¸ #ë³€ë‚¨ #ì˜¨í”Œ #ì˜¤í”„ #ì¼íƒˆ #ì„¹íŠ¸ #ì„¹ìŠ¤","<a href=""http://twitter.com/download/android"" rel=""nofollow"">Twitter for Android</a>",False,,,,,,"{'id': 1297698916599648256, 'id_str': '1297698916599648256', 'name': 'X3', 'screen_name': 'X3_se1xx', 'location': None, 'url': None, 'description': '20ë‚¨ã…£ê°•ì•„ì§€(ğŸšº) êµ¬ì¸í•©ë‹ˆë‹¤', 'translator_type': 'none', 'protected': False, 'verified': False, 'followers_count': 1, 'friends_count': 0, 'listed_count': 0, 'favourites_count': 0, 'statuses_count': 3, 'created_at': 'Mon Aug 24 00:55:14 +0000 2020', 'utc_offset': None, 'time_zone': None, 'geo_enabled': False, 'lang': None, 'contributors_enabled': False, 'is_translator': False, 'profile_background_color': 'F5F8FA', 'profile_background_image_url': '', 'profile_background_image_url_https': '', 'profile_background_tile': False, 'profile_link_color': '1DA1F2', 'profile_sidebar_border_color': 'C0DEED', 'profile_sidebar_fill_color': 'DDEEF6', 'profile_text_color': '333333', 'profile_use_background_image': True, 'profile_image_url': 'http://pbs.twimg.com/profile_images/1297706161425145857/uEr-Gj_S_normal.jpg', 'profile_image_url_https': 'https://pbs.twimg.com/profile_images/1297706161425145857/uEr-Gj_S_normal.jpg', 'default_profile': True, 'default_profile_image': False, 'following': None, 'follow_request_sent': None, 'notifications': None}",,,,,False,0,0,0,0,"{'hashtags': [{'text': 'êµ¬ì¸', 'indices': [36, 39]}, {'text': 'ë””ì—£', 'indices': [40, 43]}, {'text': 'ì—ì„¸ë¨¸', 'indices': [44, 48]}, {'text': 'í¨ì„­', 'indices': [49, 52]}, {'text': 'ì•”ìº', 'indices': [53, 56]}, {'text': 'ë³€ë…€', 'indices': [57, 60]}, {'text': 'ë©œë”', 'indices': [61, 64]}, {'text': 'ì£¼ì¸', 'indices': [65, 68]}, {'text': 'ë³€ë‚¨', 'indices': [69, 72]}, {'text': 'ì˜¨í”Œ', 'indices': [73, 76]}, {'text': 'ì˜¤í”„', 'indices': [77, 80]}, {'text': 'ì¼íƒˆ', 'indices': [81, 84]}, {'text': 'ì„¹íŠ¸', 'indices': [85, 88]}, {'text': 'ì„¹ìŠ¤', 'indices': [89, 92]}], 'urls': [], 'user_mentions': [], 'symbols': []}",False,False,low,ko,2020-08-25 08:55:34.631,,,,,,,,,
True,2020-08-25 17:56:28,1298182446354067456,1298182446354067456,"ìê¸° ê°€ìŠ´ì´ ì´ë ‡ê²Œ ì¨ì§€ê³  ì‹¶ë‹¤ê³  ìƒê° í•˜ë©´ ë””ì— í•´^^

#ëŠ¥ìš• #ê°œë³´ì§€ #í¨ì„­ #ìŠ¤íŒ½ #ìŠ¤íŒ½ì»¤ #ìˆ˜ì¹˜ #ìœ¡ë³€ê¸° #ì•”í‡˜ì§€ #ì¡°ë ¨ #ì¡°êµ #ê³µì¤‘ë³€ì†Œ #ì—¬ì™•ê¹¨ê¸° #ë¸Œë« #ê°•ì œ #ì•¼ë…¸ #ì—¬ì™• #ì•”ìº #ê±¸ë ˆ #ê°œì¡°â€¦ https://t.co/Ar1Endjbpm","<a href=""https://mobile.twitter.com"" rel=""nofollow"">Twitter Web App</a>",True,,,,,,"{'id': 1297887373267595266, 'id_str': '1297887373267595266', 'name': 'ì•”ìº,ì•”í‡˜ì§€ ì¡°ë ¨ì‚¬', 'screen_name': 'MD_Master77', 'location': None, 'url': None, 'description': 'ìŠ¤íŒ½ì´ë‚˜ ëŠ¥ìš•,ë¯¸ì…˜ ë“± ì˜¨í”Œë¡œ ê°ˆ ì—¬ì,\níƒ€ë½í•´ì„œ ìŒë€í•˜ê²Œ ë³µì¢…í•  ì•”ìº,ê°€ì¶•ë…„ë“¤\në””ì— í•´ ë¼ì¸ìœ¼ë¡œ í• ê±°ë©´ ë¼ì¸ ì•„ì´ë”” ë‚¨ê²¨\n(ë‚˜ì´ìƒê´€Xëª¸ë§¤ìƒê´€Xí˜¸ê¸°ì‹¬,ì´ˆë³´ ã„±ã„´)\n(ìƒí™œê´€ë¦¬,ë°•ì œ,ë°°ë³€ê´€ë¦¬ ê±°ì˜ ë‹¤ë¨)', 'translator_type': 'none', 'protected': False, 'verified': False, 'followers_count': 2, 'friends_count': 111, 'listed_count': 0, 'favourites_count': 0, 'statuses_count': 75, 'created_at': 'Mon Aug 24 13:24:04 +0000 2020', 'utc_offset': None, 'time_zone': None, 'geo_enabled': False, 'lang': None, 'contributors_enabled': False, 'is_translator': False, 'profile_background_color': 'F5F8FA', 'profile_background_image_url': '', 'profile_background_image_url_https': '', 'profile_background_tile': False, 'profile_link_color': '1DA1F2', 'profile_sidebar_border_color': 'C0DEED', 'profile_sidebar_fill_color': 'DDEEF6', 'profile_text_color': '333333', 'profile_use_background_image': True, 'profile_image_url': 'http://pbs.twimg.com/profile_images/1297895215705935874/3iOd5xpD_normal.jpg', 'profile_image_url_https': 'https://pbs.twimg.com/profile_images/1297895215705935874/3iOd5xpD_normal.jpg', 'profile_banner_url': 'https://pbs.twimg.com/profile_banners/1297887373267595266/1598276037', 'default_profile': True, 'default_profile_image': False, 'following': None, 'follow_request_sent': None, 'notifications': None}",,,,,True,0,0,0,0,"{'hashtags': [{'text': 'ëŠ¥ìš•', 'indices': [32, 35]}, {'text': 'ê°œë³´ì§€', 'indices': [36, 40]}, {'text': 'í¨ì„­', 'indices': [41, 44]}, {'text': 'ìŠ¤íŒ½', 'indices': [45, 48]}, {'text': 'ìŠ¤íŒ½ì»¤', 'indices': [49, 53]}, {'text': 'ìˆ˜ì¹˜', 'indices': [54, 57]}, {'text': 'ìœ¡ë³€ê¸°', 'indices': [58, 62]}, {'text': 'ì•”í‡˜ì§€', 'indices': [63, 67]}, {'text': 'ì¡°ë ¨', 'indices': [68, 71]}, {'text': 'ì¡°êµ', 'indices': [72, 75]}, {'text': 'ê³µì¤‘ë³€ì†Œ', 'indices': [76, 81]}, {'text': 'ì—¬ì™•ê¹¨ê¸°', 'indices': [82, 87]}, {'text': 'ë¸Œë«', 'indices': [88, 91]}, {'text': 'ê°•ì œ', 'indices': [92, 95]}, {'text': 'ì•¼ë…¸', 'indices': [96, 99]}, {'text': 'ì—¬ì™•', 'indices': [100, 103]}, {'text': 'ì•”ìº', 'indices': [104, 107]}, {'text': 'ê±¸ë ˆ', 'indices': [108, 111]}, {'text': 'ê°œì¡°', 'indices': [112, 115]}], 'urls': [{'url': 'https://t.co/Ar1Endjbpm', 'expanded_url': 'https://twitter.com/i/web/status/1298182446354067456', 'display_url': 'twitter.com/i/web/status/1â€¦', 'indices': [117, 140]}], 'user_mentions': [], 'symbols': []}",False,False,low,ko,2020-08-25 08:56:28.931,,,0.0,,1.2568345559667139e+18,1.2568345559667139e+18,"{'created_at': 'Sun May 03 06:34:43 +0000 2020', 'id': 1256834555966713858, 'id_str': '1256834555966713858', 'text': 'https://t.co/mN3t0NseXl', 'display_text_range': [0, 0], 'source': '<a href=""http://twitter.com/download/iphone"" rel=""nofollow"">Twitter for iPhone</a>', 'truncated': False, 'in_reply_to_status_id': None, 'in_reply_to_status_id_str': None, 'in_reply_to_user_id': None, 'in_reply_to_user_id_str': None, 'in_reply_to_screen_name': None, 'user': {'id': 1098032335159578624, 'id_str': '1098032335159578624', 'name': 'æˆ‘ä¸å«æŸ¥å°”æ–¯', 'screen_name': 'mgYYs6k3RC7SJmq', 'location': None, 'url': None, 'description': None, 'translator_type': 'none', 'protected': False, 'verified': False, 'followers_count': 3091, 'friends_count': 641, 'listed_count': 14, 'favourites_count': 1355, 'statuses_count': 113, 'created_at': 'Wed Feb 20 01:31:23 +0000 2019', 'utc_offset': None, 'time_zone': None, 'geo_enabled': False, 'lang': None, 'contributors_enabled': False, 'is_translator': False, 'profile_background_color': 'F5F8FA', 'profile_background_image_url': '', 'profile_background_image_url_https': '', 'profile_background_tile': False, 'profile_link_color': '1DA1F2', 'profile_sidebar_border_color': 'C0DEED', 'profile_sidebar_fill_color': 'DDEEF6', 'profile_text_color': '333333', 'profile_use_background_image': True, 'profile_image_url': 'http://pbs.twimg.com/profile_images/1236487990010097664/uxh_F0jH_normal.jpg', 'profile_image_url_https': 'https://pbs.twimg.com/profile_images/1236487990010097664/uxh_F0jH_normal.jpg', 'default_profile': True, 'default_profile_image': False, 'following': None, 'follow_request_sent': None, 'notifications': None}, 'geo': None, 'coordinates': None, 'place': None, 'contributors': None, 'is_quote_status': False, 'quote_count': 4, 'reply_count': 0, 'retweet_count': 13, 'favorite_count': 37, 'entities': {'hashtags': [], 'urls': [], 'user_mentions': [], 'symbols': [], 'media': [{'id': 1256834402547449856, 'id_str': '1256834402547449856', 'indices': [0, 23], 'additional_media_info': {'monetizable': False}, 'media_url': 'http://pbs.twimg.com/ext_tw_video_thumb/1256834402547449856/pu/img/ibWG_Eq71H4okgTa.jpg', 'media_url_https': 'https://pbs.twimg.com/ext_tw_video_thumb/1256834402547449856/pu/img/ibWG_Eq71H4okgTa.jpg', 'url': 'https://t.co/mN3t0NseXl', 'display_url': 'pic.twitter.com/mN3t0NseXl', 'expanded_url': 'https://twitter.com/mgYYs6k3RC7SJmq/status/1256834555966713858/video/1', 'type': 'photo', 'sizes': {'thumb': {'w': 150, 'h': 150, 'resize': 'crop'}, 'large': {'w': 640, 'h': 360, 'resize': 'fit'}, 'medium': {'w': 640, 'h': 360, 'resize': 'fit'}, 'small': {'w': 640, 'h': 360, 'resize': 'fit'}}}]}, 'extended_entities': {'media': [{'id': 1256834402547449856, 'id_str': '1256834402547449856', 'indices': [0, 23], 'additional_media_info': {'monetizable': False}, 'media_url': 'http://pbs.twimg.com/ext_tw_video_thumb/1256834402547449856/pu/img/ibWG_Eq71H4okgTa.jpg', 'media_url_https': 'https://pbs.twimg.com/ext_tw_video_thumb/1256834402547449856/pu/img/ibWG_Eq71H4okgTa.jpg', 'url': 'https://t.co/mN3t0NseXl', 'display_url': 'pic.twitter.com/mN3t0NseXl', 'expanded_url': 'https://twitter.com/mgYYs6k3RC7SJmq/status/1256834555966713858/video/1', 'type': 'video', 'video_info': {'aspect_ratio': [16, 9], 'duration_millis': 53833, 'variants': [{'content_type': 'application/x-mpegURL', 'url': 'https://video.twimg.com/ext_tw_video/1256834402547449856/pu/pl/gPooMjIpJZ-FQQaL.m3u8?tag=10'}, {'bitrate': 256000, 'content_type': 'video/mp4', 'url': 'https://video.twimg.com/ext_tw_video/1256834402547449856/pu/vid/480x270/WN4QEvIrqXtEPxRR.mp4?tag=10'}, {'bitrate': 832000, 'content_type': 'video/mp4', 'url': 'https://video.twimg.com/ext_tw_video/1256834402547449856/pu/vid/640x360/FvX3acePjNbgubBC.mp4?tag=10'}]}, 'sizes': {'thumb': {'w': 150, 'h': 150, 'resize': 'crop'}, 'large': {'w': 640, 'h': 360, 'resize': 'fit'}, 'medium': {'w': 640, 'h': 360, 'resize': 'fit'}, 'small': {'w': 640, 'h': 360, 'resize': 'fit'}}}]}, 'favorited': False, 'retweeted': False, 'possibly_sensitive': True, 'filter_level': 'low', 'lang': 'und'}","{'url': 'https://t.co/FldoeD88XQ', 'expanded': 'https://twitter.com/mgYYs6k3RC7SJmq/status/1256834555966713858?s=20', 'display': 'twitter.com/mgYYs6k3RC7SJmâ€¦'}","{'full_text': 'ìê¸° ê°€ìŠ´ì´ ì´ë ‡ê²Œ ì¨ì§€ê³  ì‹¶ë‹¤ê³  ìƒê° í•˜ë©´ ë””ì— í•´^^\n\n#ëŠ¥ìš• #ê°œë³´ì§€ #í¨ì„­ #ìŠ¤íŒ½ #ìŠ¤íŒ½ì»¤ #ìˆ˜ì¹˜ #ìœ¡ë³€ê¸° #ì•”í‡˜ì§€ #ì¡°ë ¨ #ì¡°êµ #ê³µì¤‘ë³€ì†Œ #ì—¬ì™•ê¹¨ê¸° #ë¸Œë« #ê°•ì œ #ì•¼ë…¸ #ì—¬ì™• #ì•”ìº #ê±¸ë ˆ #ê°œì¡° #ê°€ì¶•\n#ë³€ë…€ #ë„ê·¸ #ë°•ì œ\n\nhttps://t.co/FldoeD88XQ', 'display_text_range': [0, 156], 'entities': {'hashtags': [{'text': 'ëŠ¥ìš•', 'indices': [32, 35]}, {'text': 'ê°œë³´ì§€', 'indices': [36, 40]}, {'text': 'í¨ì„­', 'indices': [41, 44]}, {'text': 'ìŠ¤íŒ½', 'indices': [45, 48]}, {'text': 'ìŠ¤íŒ½ì»¤', 'indices': [49, 53]}, {'text': 'ìˆ˜ì¹˜', 'indices': [54, 57]}, {'text': 'ìœ¡ë³€ê¸°', 'indices': [58, 62]}, {'text': 'ì•”í‡˜ì§€', 'indices': [63, 67]}, {'text': 'ì¡°ë ¨', 'indices': [68, 71]}, {'text': 'ì¡°êµ', 'indices': [72, 75]}, {'text': 'ê³µì¤‘ë³€ì†Œ', 'indices': [76, 81]}, {'text': 'ì—¬ì™•ê¹¨ê¸°', 'indices': [82, 87]}, {'text': 'ë¸Œë«', 'indices': [88, 91]}, {'text': 'ê°•ì œ', 'indices': [92, 95]}, {'text': 'ì•¼ë…¸', 'indices': [96, 99]}, {'text': 'ì—¬ì™•', 'indices': [100, 103]}, {'text': 'ì•”ìº', 'indices': [104, 107]}, {'text': 'ê±¸ë ˆ', 'indices': [108, 111]}, {'text': 'ê°œì¡°', 'indices': [112, 115]}, {'text': 'ê°€ì¶•', 'indices': [116, 119]}, {'text': 'ë³€ë…€', 'indices': [120, 123]}, {'text': 'ë„ê·¸', 'indices': [124, 127]}, {'text': 'ë°•ì œ', 'indices': [128, 131]}], 'urls': [{'url': 'https://t.co/FldoeD88XQ', 'expanded_url': 'https://twitter.com/mgYYs6k3RC7SJmq/status/1256834555966713858?s=20', 'display_url': 'twitter.com/mgYYs6k3RC7SJmâ€¦', 'indices': [133, 156]}], 'user_mentions': [], 'symbols': []}}"
False,2020-08-25 17:58:13,1298182885564747776,1298182885564747776,RT @zEfT7p2uVXPL3uJ: #ë³€ë…€ https://t.co/EROZRjCiIV,"<a href=""http://twitter.com/download/iphone"" rel=""nofollow"">Twitter for iPhone</a>",False,,,,,,"{'id': 1291725197771325441, 'id_str': '1291725197771325441', 'name': 'kjkkkj', 'screen_name': 'kjkkkj14', 'location': None, 'url': None, 'description': None, 'translator_type': 'none', 'protected': False, 'verified': False, 'followers_count': 30, 'friends_count': 156, 'listed_count': 1, 'favourites_count': 260, 'statuses_count': 330, 'created_at': 'Fri Aug 07 13:17:59 +0000 2020', 'utc_offset': None, 'time_zone': None, 'geo_enabled': False, 'lang': None, 'contributors_enabled': False, 'is_translator': False, 'profile_background_color': 'F5F8FA', 'profile_background_image_url': '', 'profile_background_image_url_https': '', 'profile_background_tile': False, 'profile_link_color': '1DA1F2', 'profile_sidebar_border_color': 'C0DEED', 'profile_sidebar_fill_color': 'DDEEF6', 'profile_text_color': '333333', 'profile_use_background_image': True, 'profile_image_url': 'http://abs.twimg.com/sticky/default_profile_images/default_profile_normal.png', 'profile_image_url_https': 'https://abs.twimg.com/sticky/default_profile_images/default_profile_normal.png', 'default_profile': True, 'default_profile_image': False, 'following': None, 'follow_request_sent': None, 'notifications': None}",,,,,False,0,0,0,0,"{'hashtags': [{'text': 'ë³€ë…€', 'indices': [21, 24]}], 'urls': [], 'user_mentions': [{'screen_name': 'zEfT7p2uVXPL3uJ', 'name': '08ë³€ë…€', 'id': 1295585424035831808, 'id_str': '1295585424035831808', 'indices': [3, 19]}], 'symbols': [], 'media': [{'id': 1298124363397345280, 'id_str': '1298124363397345280', 'indices': [25, 48], 'additional_media_info': {'monetizable': False}, 'media_url': 'http://pbs.twimg.com/ext_tw_video_thumb/1298124363397345280/pu/img/QaPj9Cyo_LZltzJh.jpg', 'media_url_https': 'https://pbs.twimg.com/ext_tw_video_thumb/1298124363397345280/pu/img/QaPj9Cyo_LZltzJh.jpg', 'url': 'https://t.co/EROZRjCiIV', 'display_url': 'pic.twitter.com/EROZRjCiIV', 'expanded_url': 'https://twitter.com/zEfT7p2uVXPL3uJ/status/1298124415712993280/video/1', 'type': 'photo', 'sizes': {'thumb': {'w': 150, 'h': 150, 'resize': 'crop'}, 'small': {'w': 680, 'h': 680, 'resize': 'fit'}, 'medium': {'w': 720, 'h': 720, 'resize': 'fit'}, 'large': {'w': 720, 'h': 720, 'resize': 'fit'}}, 'source_status_id': 1298124415712993280, 'source_status_id_str': '1298124415712993280', 'source_user_id': 1295585424035831808, 'source_user_id_str': '1295585424035831808'}]}",False,False,low,und,2020-08-25 08:58:13.647,"{'created_at': 'Tue Aug 25 05:05:53 +0000 2020', 'id': 1298124415712993280, 'id_str': '1298124415712993280', 'text': '#ë³€ë…€ https://t.co/EROZRjCiIV', 'display_text_range': [0, 3], 'source': '<a href=""http://twitter.com/download/android"" rel=""nofollow"">Twitter for Android</a>', 'truncated': False, 'in_reply_to_status_id': None, 'in_reply_to_status_id_str': None, 'in_reply_to_user_id': None, 'in_reply_to_user_id_str': None, 'in_reply_to_screen_name': None, 'user': {'id': 1295585424035831808, 'id_str': '1295585424035831808', 'name': '08ë³€ë…€', 'screen_name': 'zEfT7p2uVXPL3uJ', 'location': None, 'url': None, 'description': 'ì´ˆë”© ë³€ë…€08 15ì‚´ë°‘ìœ¼ë¡œë§Œ ë””ì— ì£¼ì„¸ìš”. (DMë‹µì¥ ë³„ë¡œ ì•ˆí•´ìš”!)', 'translator_type': 'none', 'protected': False, 'verified': False, 'followers_count': 497, 'friends_count': 2, 'listed_count': 0, 'favourites_count': 4, 'statuses_count': 16, 'created_at': 'Tue Aug 18 04:57:06 +0000 2020', 'utc_offset': None, 'time_zone': None, 'geo_enabled': False, 'lang': None, 'contributors_enabled': False, 'is_translator': False, 'profile_background_color': 'F5F8FA', 'profile_background_image_url': '', 'profile_background_image_url_https': '', 'profile_background_tile': False, 'profile_link_color': '1DA1F2', 'profile_sidebar_border_color': 'C0DEED', 'profile_sidebar_fill_color': 'DDEEF6', 'profile_text_color': '333333', 'profile_use_background_image': True, 'profile_image_url': 'http://pbs.twimg.com/profile_images/1295594615433654272/QKi84aaw_normal.jpg', 'profile_image_url_https': 'https://pbs.twimg.com/profile_images/1295594615433654272/QKi84aaw_normal.jpg', 'default_profile': True, 'default_profile_image': False, 'following': None, 'follow_request_sent': None, 'notifications': None}, 'geo': None, 'coordinates': None, 'place': None, 'contributors': None, 'is_quote_status': False, 'quote_count': 0, 'reply_count': 0, 'retweet_count': 3, 'favorite_count': 15, 'entities': {'hashtags': [{'text': 'ë³€ë…€', 'indices': [0, 3]}], 'urls': [], 'user_mentions': [], 'symbols': [], 'media': [{'id': 1298124363397345280, 'id_str': '1298124363397345280', 'indices': [4, 27], 'additional_media_info': {'monetizable': False}, 'media_url': 'http://pbs.twimg.com/ext_tw_video_thumb/1298124363397345280/pu/img/QaPj9Cyo_LZltzJh.jpg', 'media_url_https': 'https://pbs.twimg.com/ext_tw_video_thumb/1298124363397345280/pu/img/QaPj9Cyo_LZltzJh.jpg', 'url': 'https://t.co/EROZRjCiIV', 'display_url': 'pic.twitter.com/EROZRjCiIV', 'expanded_url': 'https://twitter.com/zEfT7p2uVXPL3uJ/status/1298124415712993280/video/1', 'type': 'photo', 'sizes': {'thumb': {'w': 150, 'h': 150, 'resize': 'crop'}, 'small': {'w': 680, 'h': 680, 'resize': 'fit'}, 'medium': {'w': 720, 'h': 720, 'resize': 'fit'}, 'large': {'w': 720, 'h': 720, 'resize': 'fit'}}}]}, 'extended_entities': {'media': [{'id': 1298124363397345280, 'id_str': '1298124363397345280', 'indices': [4, 27], 'additional_media_info': {'monetizable': False}, 'media_url': 'http://pbs.twimg.com/ext_tw_video_thumb/1298124363397345280/pu/img/QaPj9Cyo_LZltzJh.jpg', 'media_url_https': 'https://pbs.twimg.com/ext_tw_video_thumb/1298124363397345280/pu/img/QaPj9Cyo_LZltzJh.jpg', 'url': 'https://t.co/EROZRjCiIV', 'display_url': 'pic.twitter.com/EROZRjCiIV', 'expanded_url': 'https://twitter.com/zEfT7p2uVXPL3uJ/status/1298124415712993280/video/1', 'type': 'video', 'video_info': {'aspect_ratio': [1, 1], 'duration_millis': 19720, 'variants': [{'content_type': 'application/x-mpegURL', 'url': 'https://video.twimg.com/ext_tw_video/1298124363397345280/pu/pl/TfVcCUfhbBR9V8xd.m3u8?tag=10'}, {'bitrate': 1280000, 'content_type': 'video/mp4', 'url': 'https://video.twimg.com/ext_tw_video/1298124363397345280/pu/vid/720x720/VWgak8MLBBHJqAon.mp4?tag=10'}, {'bitrate': 832000, 'content_type': 'video/mp4', 'url': 'https://video.twimg.com/ext_tw_video/1298124363397345280/pu/vid/480x480/f14EpNRIseFVcxVj.mp4?tag=10'}, {'bitrate': 432000, 'content_type': 'video/mp4', 'url': 'https://video.twimg.com/ext_tw_video/1298124363397345280/pu/vid/320x320/coiHNZcg-u9KfkUO.mp4?tag=10'}]}, 'sizes': {'thumb': {'w': 150, 'h': 150, 'resize': 'crop'}, 'small': {'w': 680, 'h': 680, 'resize': 'fit'}, 'medium': {'w': 720, 'h': 720, 'resize': 'fit'}, 'large': {'w': 720, 'h': 720, 'resize': 'fit'}}}]}, 'favorited': False, 'retweeted': False, 'possibly_sensitive': True, 'filter_level': 'low', 'lang': 'und'}","{'media': [{'id': 1298124363397345280, 'id_str': '1298124363397345280', 'indices': [25, 48], 'additional_media_info': {'monetizable': False}, 'media_url': 'http://pbs.twimg.com/ext_tw_video_thumb/1298124363397345280/pu/img/QaPj9Cyo_LZltzJh.jpg', 'media_url_https': 'https://pbs.twimg.com/ext_tw_video_thumb/1298124363397345280/pu/img/QaPj9Cyo_LZltzJh.jpg', 'url': 'https://t.co/EROZRjCiIV', 'display_url': 'pic.twitter.com/EROZRjCiIV', 'expanded_url': 'https://twitter.com/zEfT7p2uVXPL3uJ/status/1298124415712993280/video/1', 'type': 'video', 'video_info': {'aspect_ratio': [1, 1], 'duration_millis': 19720, 'variants': [{'content_type': 'application/x-mpegURL', 'url': 'https://video.twimg.com/ext_tw_video/1298124363397345280/pu/pl/TfVcCUfhbBR9V8xd.m3u8?tag=10'}, {'bitrate': 1280000, 'content_type': 'video/mp4', 'url': 'https://video.twimg.com/ext_tw_video/1298124363397345280/pu/vid/720x720/VWgak8MLBBHJqAon.mp4?tag=10'}, {'bitrate': 832000, 'content_type': 'video/mp4', 'url': 'https://video.twimg.com/ext_tw_video/1298124363397345280/pu/vid/480x480/f14EpNRIseFVcxVj.mp4?tag=10'}, {'bitrate': 432000, 'content_type': 'video/mp4', 'url': 'https://video.twimg.com/ext_tw_video/1298124363397345280/pu/vid/320x320/coiHNZcg-u9KfkUO.mp4?tag=10'}]}, 'sizes': {'thumb': {'w': 150, 'h': 150, 'resize': 'crop'}, 'small': {'w': 680, 'h': 680, 'resize': 'fit'}, 'medium': {'w': 720, 'h': 720, 'resize': 'fit'}, 'large': {'w': 720, 'h': 720, 'resize': 'fit'}}, 'source_status_id': 1298124415712993280, 'source_status_id_str': '1298124415712993280', 'source_user_id': 1295585424035831808, 'source_user_id_str': '1295585424035831808'}]}",0.0,,,,,,
False,2020-08-25 17:58:14,1298182890098790400,1298182890098790400,"í•©ì„±ì˜í•˜ëŠ” ì˜¤ë¹ ë“¤ ë¹¨ë¦¬ ì—°ë½ì¤˜ ë³´ì§€ê·¼ì§ˆê±°ë ¤â¤â¤â¤
#í•©ì„± #ë³€ë…€ #ì•„í—¤ê°€ì˜¤ #í•©ì„±ì‚¬ì§„ #ë°œì • #ëŠ¥ìš• https://t.co/uwLYilz4DO","<a href=""http://twitter.com/download/android"" rel=""nofollow"">Twitter for Android</a>",False,,,,,,"{'id': 1090693060596400128, 'id_str': '1090693060596400128', 'name': 'í•˜ë¦¬', 'screen_name': 'qoajxneo128', 'location': None, 'url': None, 'description': 'í”„ë³¸O / ë””ì— í• ë•Œ í•©ì„±í•´ë³¸ ì‚¬ì§„ ë³´ë‚´ì£¼ë©´ ì‚¬ì§„ ë“œë´ìš”', 'translator_type': 'none', 'protected': False, 'verified': False, 'followers_count': 46, 'friends_count': 0, 'listed_count': 0, 'favourites_count': 20, 'statuses_count': 6, 'created_at': 'Wed Jan 30 19:27:44 +0000 2019', 'utc_offset': None, 'time_zone': None, 'geo_enabled': False, 'lang': None, 'contributors_enabled': False, 'is_translator': False, 'profile_background_color': 'F5F8FA', 'profile_background_image_url': '', 'profile_background_image_url_https': '', 'profile_background_tile': False, 'profile_link_color': '1DA1F2', 'profile_sidebar_border_color': 'C0DEED', 'profile_sidebar_fill_color': 'DDEEF6', 'profile_text_color': '333333', 'profile_use_background_image': True, 'profile_image_url': 'http://pbs.twimg.com/profile_images/1295250208238968833/XUjm0tKj_normal.jpg', 'profile_image_url_https': 'https://pbs.twimg.com/profile_images/1295250208238968833/XUjm0tKj_normal.jpg', 'default_profile': True, 'default_profile_image': False, 'following': None, 'follow_request_sent': None, 'notifications': None}",,,,,False,0,0,0,0,"{'hashtags': [{'text': 'í•©ì„±', 'indices': [27, 30]}, {'text': 'ë³€ë…€', 'indices': [31, 34]}, {'text': 'ì•„í—¤ê°€ì˜¤', 'indices': [35, 40]}, {'text': 'í•©ì„±ì‚¬ì§„', 'indices': [41, 46]}, {'text': 'ë°œì •', 'indices': [47, 50]}, {'text': 'ëŠ¥ìš•', 'indices': [51, 54]}], 'urls': [], 'user_mentions': [], 'symbols': [], 'media': [{'id': 1298182881412440064, 'id_str': '1298182881412440064', 'indices': [55, 78], 'media_url': 'http://pbs.twimg.com/media/EgQSc9wU4AA8EQy.jpg', 'media_url_https': 'https://pbs.twimg.com/media/EgQSc9wU4AA8EQy.jpg', 'url': 'https://t.co/uwLYilz4DO', 'display_url': 'pic.twitter.com/uwLYilz4DO', 'expanded_url': 'https://twitter.com/qoajxneo128/status/1298182890098790400/photo/1', 'type': 'photo', 'sizes': {'thumb': {'w': 150, 'h': 150, 'resize': 'crop'}, 'medium': {'w': 1186, 'h': 1200, 'resize': 'fit'}, 'small': {'w': 672, 'h': 680, 'resize': 'fit'}, 'large': {'w': 1265, 'h': 1280, 'resize': 'fit'}}}]}",False,False,low,ko,2020-08-25 08:58:14.728,,"{'media': [{'id': 1298182881412440064, 'id_str': '1298182881412440064', 'indices': [55, 78], 'media_url': 'http://pbs.twimg.com/media/EgQSc9wU4AA8EQy.jpg', 'media_url_https': 'https://pbs.twimg.com/media/EgQSc9wU4AA8EQy.jpg', 'url': 'https://t.co/uwLYilz4DO', 'display_url': 'pic.twitter.com/uwLYilz4DO', 'expanded_url': 'https://twitter.com/qoajxneo128/status/1298182890098790400/photo/1', 'type': 'photo', 'sizes': {'thumb': {'w': 150, 'h': 150, 'resize': 'crop'}, 'medium': {'w': 1186, 'h': 1200, 'resize': 'fit'}, 'small': {'w': 672, 'h': 680, 'resize': 'fit'}, 'large': {'w': 1265, 'h': 1280, 'resize': 'fit'}}}]}",0.0,"[0, 54]",,,,,
False,2020-08-25 18:01:11,1298183630221533185,1298183630221533184,"RT @lovely_s06: ë¦¬íŠ¸ìœ—í•˜ì‹œë©´ ì´ê±° ì›ë³¸ ë“œë ¤ìš”ğŸ¶
#ì„¹íŠ¸ #ë³€ë…€ #ë³€ë‚¨ #ì¼íƒˆ https://t.co/BOR4Pfoc1y","<a href=""https://mobile.twitter.com"" rel=""nofollow"">Twitter Web App</a>",False,,,,,,"{'id': 1284401441575059457, 'id_str': '1284401441575059457', 'name': '06ë‚¨', 'screen_name': 'c0FnKuES6DNDwsy', 'location': None, 'url': None, 'description': '06ë‚¨\níŠ¸ìœ„í„° ì²˜ìŒì´ë¼ ì˜ëª°ë¼ìš”.', 'translator_type': 'none', 'protected': False, 'verified': False, 'followers_count': 1, 'friends_count': 10, 'listed_count': 0, 'favourites_count': 13, 'statuses_count': 1, 'created_at': 'Sat Jul 18 08:15:59 +0000 2020', 'utc_offset': None, 'time_zone': None, 'geo_enabled': False, 'lang': None, 'contributors_enabled': False, 'is_translator': False, 'profile_background_color': 'F5F8FA', 'profile_background_image_url': '', 'profile_background_image_url_https': '', 'profile_background_tile': False, 'profile_link_color': '1DA1F2', 'profile_sidebar_border_color': 'C0DEED', 'profile_sidebar_fill_color': 'DDEEF6', 'profile_text_color': '333333', 'profile_use_background_image': True, 'profile_image_url': 'http://abs.twimg.com/sticky/default_profile_images/default_profile_normal.png', 'profile_image_url_https': 'https://abs.twimg.com/sticky/default_profile_images/default_profile_normal.png', 'default_profile': True, 'default_profile_image': False, 'following': None, 'follow_request_sent': None, 'notifications': None}",,,,,False,0,0,0,0,"{'hashtags': [{'text': 'ì„¹íŠ¸', 'indices': [34, 37]}, {'text': 'ë³€ë…€', 'indices': [38, 41]}, {'text': 'ë³€ë‚¨', 'indices': [42, 45]}, {'text': 'ì¼íƒˆ', 'indices': [46, 49]}], 'urls': [], 'user_mentions': [{'screen_name': 'lovely_s06', 'name': 'ã……ã…', 'id': 1293552258416701440, 'id_str': '1293552258416701440', 'indices': [3, 14]}], 'symbols': [], 'media': [{'id': 1298110342497615872, 'id_str': '1298110342497615872', 'indices': [50, 73], 'media_url': 'http://pbs.twimg.com/media/EgPQepPUwAAe_Ng.jpg', 'media_url_https': 'https://pbs.twimg.com/media/EgPQepPUwAAe_Ng.jpg', 'url': 'https://t.co/BOR4Pfoc1y', 'display_url': 'pic.twitter.com/BOR4Pfoc1y', 'expanded_url': 'https://twitter.com/lovely_s06/status/1298110351020396544/photo/1', 'type': 'photo', 'sizes': {'thumb': {'w': 150, 'h': 150, 'resize': 'crop'}, 'small': {'w': 680, 'h': 491, 'resize': 'fit'}, 'large': {'w': 1024, 'h': 739, 'resize': 'fit'}, 'medium': {'w': 1024, 'h': 739, 'resize': 'fit'}}, 'source_status_id': 1298110351020396544, 'source_status_id_str': '1298110351020396544', 'source_user_id': 1293552258416701440, 'source_user_id_str': '1293552258416701440'}]}",False,False,low,ko,2020-08-25 09:01:11.187,"{'created_at': 'Tue Aug 25 04:10:00 +0000 2020', 'id': 1298110351020396544, 'id_str': '1298110351020396544', 'text': 'ë¦¬íŠ¸ìœ—í•˜ì‹œë©´ ì´ê±° ì›ë³¸ ë“œë ¤ìš”ğŸ¶\n#ì„¹íŠ¸ #ë³€ë…€ #ë³€ë‚¨ #ì¼íƒˆ https://t.co/BOR4Pfoc1y', 'display_text_range': [0, 33], 'source': '<a href=""http://twitter.com/download/iphone"" rel=""nofollow"">Twitter for iPhone</a>', 'truncated': False, 'in_reply_to_status_id': None, 'in_reply_to_status_id_str': None, 'in_reply_to_user_id': None, 'in_reply_to_user_id_str': None, 'in_reply_to_screen_name': None, 'user': {'id': 1293552258416701440, 'id_str': '1293552258416701440', 'name': 'ã……ã…', 'screen_name': 'lovely_s06', 'location': None, 'url': None, 'description': None, 'translator_type': 'none', 'protected': False, 'verified': False, 'followers_count': 256, 'friends_count': 1, 'listed_count': 0, 'favourites_count': 3, 'statuses_count': 43, 'created_at': 'Wed Aug 12 14:17:53 +0000 2020', 'utc_offset': None, 'time_zone': None, 'geo_enabled': False, 'lang': None, 'contributors_enabled': False, 'is_translator': False, 'profile_background_color': 'F5F8FA', 'profile_background_image_url': '', 'profile_background_image_url_https': '', 'profile_background_tile': False, 'profile_link_color': '1DA1F2', 'profile_sidebar_border_color': 'C0DEED', 'profile_sidebar_fill_color': 'DDEEF6', 'profile_text_color': '333333', 'profile_use_background_image': True, 'profile_image_url': 'http://pbs.twimg.com/profile_images/1297827608239828992/88ve2WAY_normal.jpg', 'profile_image_url_https': 'https://pbs.twimg.com/profile_images/1297827608239828992/88ve2WAY_normal.jpg', 'default_profile': True, 'default_profile_image': False, 'following': None, 'follow_request_sent': None, 'notifications': None}, 'geo': None, 'coordinates': None, 'place': None, 'contributors': None, 'is_quote_status': False, 'quote_count': 0, 'reply_count': 2, 'retweet_count': 21, 'favorite_count': 9, 'entities': {'hashtags': [{'text': 'ì„¹íŠ¸', 'indices': [18, 21]}, {'text': 'ë³€ë…€', 'indices': [22, 25]}, {'text': 'ë³€ë‚¨', 'indices': [26, 29]}, {'text': 'ì¼íƒˆ', 'indices': [30, 33]}], 'urls': [], 'user_mentions': [], 'symbols': [], 'media': [{'id': 1298110342497615872, 'id_str': '1298110342497615872', 'indices': [34, 57], 'media_url': 'http://pbs.twimg.com/media/EgPQepPUwAAe_Ng.jpg', 'media_url_https': 'https://pbs.twimg.com/media/EgPQepPUwAAe_Ng.jpg', 'url': 'https://t.co/BOR4Pfoc1y', 'display_url': 'pic.twitter.com/BOR4Pfoc1y', 'expanded_url': 'https://twitter.com/lovely_s06/status/1298110351020396544/photo/1', 'type': 'photo', 'sizes': {'thumb': {'w': 150, 'h': 150, 'resize': 'crop'}, 'small': {'w': 680, 'h': 491, 'resize': 'fit'}, 'large': {'w': 1024, 'h': 739, 'resize': 'fit'}, 'medium': {'w': 1024, 'h': 739, 'resize': 'fit'}}}]}, 'extended_entities': {'media': [{'id': 1298110342497615872, 'id_str': '1298110342497615872', 'indices': [34, 57], 'media_url': 'http://pbs.twimg.com/media/EgPQepPUwAAe_Ng.jpg', 'media_url_https': 'https://pbs.twimg.com/media/EgPQepPUwAAe_Ng.jpg', 'url': 'https://t.co/BOR4Pfoc1y', 'display_url': 'pic.twitter.com/BOR4Pfoc1y', 'expanded_url': 'https://twitter.com/lovely_s06/status/1298110351020396544/photo/1', 'type': 'photo', 'sizes': {'thumb': {'w': 150, 'h': 150, 'resize': 'crop'}, 'small': {'w': 680, 'h': 491, 'resize': 'fit'}, 'large': {'w': 1024, 'h': 739, 'resize': 'fit'}, 'medium': {'w': 1024, 'h': 739, 'resize': 'fit'}}}, {'id': 1298110342497632259, 'id_str': '1298110342497632259', 'indices': [34, 57], 'media_url': 'http://pbs.twimg.com/media/EgPQepPVAAMk-w8.jpg', 'media_url_https': 'https://pbs.twimg.com/media/EgPQepPVAAMk-w8.jpg', 'url': 'https://t.co/BOR4Pfoc1y', 'display_url': 'pic.twitter.com/BOR4Pfoc1y', 'expanded_url': 'https://twitter.com/lovely_s06/status/1298110351020396544/photo/1', 'type': 'photo', 'sizes': {'small': {'w': 621, 'h': 680, 'resize': 'fit'}, 'thumb': {'w': 150, 'h': 150, 'resize': 'crop'}, 'large': {'w': 827, 'h': 905, 'resize': 'fit'}, 'medium': {'w': 827, 'h': 905, 'resize': 'fit'}}}]}, 'favorited': False, 'retweeted': False, 'possibly_sensitive': False, 'filter_level': 'low', 'lang': 'ko'}","{'media': [{'id': 1298110342497615872, 'id_str': '1298110342497615872', 'indices': [50, 73], 'media_url': 'http://pbs.twimg.com/media/EgPQepPUwAAe_Ng.jpg', 'media_url_https': 'https://pbs.twimg.com/media/EgPQepPUwAAe_Ng.jpg', 'url': 'https://t.co/BOR4Pfoc1y', 'display_url': 'pic.twitter.com/BOR4Pfoc1y', 'expanded_url': 'https://twitter.com/lovely_s06/status/1298110351020396544/photo/1', 'type': 'photo', 'sizes': {'thumb': {'w': 150, 'h': 150, 'resize': 'crop'}, 'small': {'w': 680, 'h': 491, 'resize': 'fit'}, 'large': {'w': 1024, 'h': 739, 'resize': 'fit'}, 'medium': {'w': 1024, 'h': 739, 'resize': 'fit'}}, 'source_status_id': 1298110351020396544, 'source_status_id_str': '1298110351020396544', 'source_user_id': 1293552258416701440, 'source_user_id_str': '1293552258416701440'}, {'id': 1298110342497632259, 'id_str': '1298110342497632259', 'indices': [50, 73], 'media_url': 'http://pbs.twimg.com/media/EgPQepPVAAMk-w8.jpg', 'media_url_https': 'https://pbs.twimg.com/media/EgPQepPVAAMk-w8.jpg', 'url': 'https://t.co/BOR4Pfoc1y', 'display_url': 'pic.twitter.com/BOR4Pfoc1y', 'expanded_url': 'https://twitter.com/lovely_s06/status/1298110351020396544/photo/1', 'type': 'photo', 'sizes': {'small': {'w': 621, 'h': 680, 'resize': 'fit'}, 'thumb': {'w': 150, 'h': 150, 'resize': 'crop'}, 'large': {'w': 827, 'h': 905, 'resize': 'fit'}, 'medium': {'w': 827, 'h': 905, 'resize': 'fit'}}, 'source_status_id': 1298110351020396544, 'source_status_id_str': '1298110351020396544', 'source_user_id': 1293552258416701440, 'source_user_id_str': '1293552258416701440'}]}",0.0,,,,,,
False,2020-08-25 18:01:51,1298183799742722048,1298183799742722048,#ì„¹íŠ¸ #ë³€ë…€ https://t.co/voiRigrece,"<a href=""http://twitter.com/download/iphone"" rel=""nofollow"">Twitter for iPhone</a>",False,,,,,,"{'id': 1214859368744665088, 'id_str': '1214859368744665088', 'name': '06', 'screen_name': 'sse__opo', 'location': None, 'url': None, 'description': 'ì¼íƒˆ ê³µìœ¡ì„ ë¸í•˜ìŸˆ â¸â¸ÊšÌ´Ì¶Ì·Ì† Ì¯ÊšÌ´Ì¶Ì·Ì†â¸â¸', 'translator_type': 'none', 'protected': False, 'verified': False, 'followers_count': 0, 'friends_count': 0, 'listed_count': 0, 'favourites_count': 1, 'statuses_count': 1, 'created_at': 'Wed Jan 08 10:40:31 +0000 2020', 'utc_offset': None, 'time_zone': None, 'geo_enabled': False, 'lang': None, 'contributors_enabled': False, 'is_translator': False, 'profile_background_color': 'F5F8FA', 'profile_background_image_url': '', 'profile_background_image_url_https': '', 'profile_background_tile': False, 'profile_link_color': '1DA1F2', 'profile_sidebar_border_color': 'C0DEED', 'profile_sidebar_fill_color': 'DDEEF6', 'profile_text_color': '333333', 'profile_use_background_image': True, 'profile_image_url': 'http://pbs.twimg.com/profile_images/1298171222853734400/QEl3KpgQ_normal.jpg', 'profile_image_url_https': 'https://pbs.twimg.com/profile_images/1298171222853734400/QEl3KpgQ_normal.jpg', 'default_profile': True, 'default_profile_image': False, 'following': None, 'follow_request_sent': None, 'notifications': None}",,,,,False,0,0,0,0,"{'hashtags': [{'text': 'ì„¹íŠ¸', 'indices': [0, 3]}, {'text': 'ë³€ë…€', 'indices': [4, 7]}], 'urls': [], 'user_mentions': [], 'symbols': [], 'media': [{'id': 1298183795263172609, 'id_str': '1298183795263172609', 'indices': [8, 31], 'media_url': 'http://pbs.twimg.com/media/EgQTSKHUcAEq4Kq.jpg', 'media_url_https': 'https://pbs.twimg.com/media/EgQTSKHUcAEq4Kq.jpg', 'url': 'https://t.co/voiRigrece', 'display_url': 'pic.twitter.com/voiRigrece', 'expanded_url': 'https://twitter.com/sse__opo/status/1298183799742722048/photo/1', 'type': 'photo', 'sizes': {'thumb': {'w': 150, 'h': 150, 'resize': 'crop'}, 'medium': {'w': 750, 'h': 737, 'resize': 'fit'}, 'small': {'w': 680, 'h': 668, 'resize': 'fit'}, 'large': {'w': 750, 'h': 737, 'resize': 'fit'}}}]}",False,False,low,und,2020-08-25 09:01:51.604,,"{'media': [{'id': 1298183795263172609, 'id_str': '1298183795263172609', 'indices': [8, 31], 'media_url': 'http://pbs.twimg.com/media/EgQTSKHUcAEq4Kq.jpg', 'media_url_https': 'https://pbs.twimg.com/media/EgQTSKHUcAEq4Kq.jpg', 'url': 'https://t.co/voiRigrece', 'display_url': 'pic.twitter.com/voiRigrece', 'expanded_url': 'https://twitter.com/sse__opo/status/1298183799742722048/photo/1', 'type': 'photo', 'sizes': {'thumb': {'w': 150, 'h': 150, 'resize': 'crop'}, 'medium': {'w': 750, 'h': 737, 'resize': 'fit'}, 'small': {'w': 680, 'h': 668, 'resize': 'fit'}, 'large': {'w': 750, 'h': 737, 'resize': 'fit'}}}, {'id': 1298183795279970304, 'id_str': '1298183795279970304', 'indices': [8, 31], 'media_url': 'http://pbs.twimg.com/media/EgQTSKLUwAA09Yh.jpg', 'media_url_https': 'https://pbs.twimg.com/media/EgQTSKLUwAA09Yh.jpg', 'url': 'https://t.co/voiRigrece', 'display_url': 'pic.twitter.com/voiRigrece', 'expanded_url': 'https://twitter.com/sse__opo/status/1298183799742722048/photo/1', 'type': 'photo', 'sizes': {'large': {'w': 749, 'h': 736, 'resize': 'fit'}, 'thumb': {'w': 150, 'h': 150, 'resize': 'crop'}, 'small': {'w': 680, 'h': 668, 'resize': 'fit'}, 'medium': {'w': 749, 'h': 736, 'resize': 'fit'}}}]}",1.0,"[0, 7]",,,,,
